stock,89年1-9月,稅後純益,89年1-9月,增(減)(%),期末股本,稅後純益,89年1-9月,每股淨值,淨值佔總資產,流動比率,速動比率,公司,,營業收入,89年1-9月,增(減)(%),營業利益,89年1-9月,營業外
11,-496440,-1676530,-497115,-237.25,80140603,-0.21,-0.06,14.655,52.9776,1.15,0.82,11,水泥類,29825983,33833290,-11.84,-1617257,81647,122452
1101,782871,-587566,675219,,26073866,-0.23,0.28,16.8435,44.8168,1.32,1.06,1101,台泥,14401497,13080649,10.1,-437115,49348,-125451
1102,-237615,23318,373686,-93.76,20886864,0.01,0.18,15.6973,63.1927,1.13,0.77,1102,亞泥,7167142,8283390,-13.48,150813,618979,-51666
1103,-472148,-316719,-271805,16.52,6996391,-0.45,-0.39,13.9317,44.4426,1.06,0.9,1103,嘉泥,1651392,2091091,-21.03,31217,161603,-119312
1104,124152,-119658,107198,,3933004,-0.3,0.25,18.2064,59.6606,0.99,0.45,1104,環泥,1632744,2179081,-25.07,-283998,-14244,162556
1107,-507194,-235967,-1163499,-79.72,8409598,-0.28,-1.38,8.7477,50.658,1.07,0.44,1107,建台,1828045,4017167,-54.49,-621762,-748918,339617
1108,-133226,-300821,-192126,56.57,4047380,-0.74,-0.47,9.9866,50.6431,0.65,0.41,1108,幸福,1602371,2115644,-24.26,-322031,-62912,-64626
1109,119842,-51238,156336,,4207140,-0.12,0.37,12.2976,88.3385,3.5,2.79,1109,信大,725193,1065854,-31.96,-60219,80282,5926
1110,-173122,-87879,-182124,-51.75,5586360,-0.16,-0.33,12.9996,76.2883,1.51,0.76,1110,東泥,817599,1000414,-18.27,-74162,-2491,-24592
12,453806,348604,2113425,-83.51,101277384,0.03,0.21,10.785,50.5997,0.97,0.57,12,食品類,96756428,95956540,0.83,2332828,1955853,-1466926
1201,-268016,-207588,48277,,5060629,-0.41,0.1,7.5378,29.3572,0.7,0.5,1201,味全,6974436,7365176,-5.31,191170,310639,-398758
1203,-270182,-95300,-264299,-63.94,2092537,-0.46,-1.26,10.8081,34.679,0.76,0.31,1203,味王,1951485,2492335,-21.7,30465,5883,-125765
1204,-1066,-55255,-14424,283.08,600000,-0.92,-0.24,8.2296,45.3315,1.16,0.72,1204,津津,590911,681271,-13.26,-30201,-13355,-25054
1207,-140346,-1201917,-175805,583.66,12842278,-0.94,-0.14,9.5525,34.2976,0.76,0.21,1207,嘉食化,6666700,7326149,-9,-220524,-103145,-1128261
1210,69091,357538,326129,9.63,4521388,0.79,0.75,12.023,60.2547,1.19,0.78,1210,大成,9968778,9036119,10.32,348567,278328,51882
1212,-237769,-226241,-385933,-41.38,2731664,-0.83,-1.41,5.2524,21.0358,0.52,0.34,1212,中日,4236139,3657171,15.83,-31145,-148164,-195096
1213,19713,8727,23935,-63.54,389963,0.22,0.61,14.5926,77.1064,1.98,1.36,1213,大飲,498611,514965,-3.18,4549,8750,8100
1215,-152851,119094,14447,724.35,2300268,0.52,0.06,11.3854,60.8598,2.02,1.27,1215,卜蜂,8695621,8816508,-1.37,218679,205331,-85877
1216,2048128,1471707,2440983,-39.71,33476572,0.44,0.77,12.0441,58.7052,1.52,1,1216,統一,25633737,24224620,5.82,645220,307069,1017667
1217,-159702,-27406,1549,,3639628,-0.08,<<<<<,9.5899,49.2468,0.98,0.62,1217,愛之味,2279039,2168473,5.1,117339,121067,-154446
1218,-93995,-39099,91530,,3232980,-0.12,0.28,9.8905,48.8105,1.11,0.73,1218,泰山,3227524,3510373,-8.06,108031,234406,-85130
1219,-26445,10483,14894,-29.62,2463300,0.04,0.06,11.1648,69.1471,2.67,1.77,1219,福壽,2988433,3053123,-2.12,62389,35644,-25183
1220,64362,-3598,74273,,1790779,-0.02,0.41,12.0419,73.7348,2.05,1.47,1220,台榮,1449648,1369666,5.84,28553,-6197,-31109
1221,204232,285695,253844,12.55,1760000,1.62,1.61,12.2801,51.7671,1.41,1.04,1221,久津,3256567,1499075,117.24,166411,69612,133284
1222,-195035,-179847,-482872,-62.75,1283054,-1.4,-2.58,2.2566,17.9173,0.06,0.05,1222,源益,282657,698076,-59.51,-78587,-214957,-101091
1224,-256093,-321779,-205929,56.26,949421,-3.39,-2.17,1.6049,9.5665,0.36,0.17,1224,惠勝,2021223,2749909,-26.5,-59173,54040,-191789
1225,-67756,-23667,-16818,40.72,1995418,-0.12,-0.08,10.3856,65.5326,1.11,0.7,1225,福懋油,2450697,2705732,-9.43,60962,49947,-82093
1226,-49064,-239999,-195384,22.83,2320000,-1.03,-0.84,3.9844,27.3437,0.3,0.05,1226,立大,377690,1189909,-68.26,-126903,-75503,-113096
1228,-183216,-43946,-343067,-87.19,648700,-0.68,-3.44,7.4061,35.2489,0.74,0.55,1228,臺芳,675329,500529,34.92,-49043,-159851,5102
1229,628472,115194,675586,-82.95,6612928,0.17,1.04,14.0102,76.8164,1.72,1.18,1229,聯華,1046920,1153719,-9.26,-24222,35734,140265
1230,-454113,-62879,-511424,-87.71,728957,-0.86,-7.02,-7.0624,-149.2758,0.07,0.01,1230,聯成食,72218,345709,-79.11,-17712,-57311,-45167
1231,-2255,92607,93407,-0.86,1154190,0.8,0.83,14.5458,61.3658,1.28,0.55,1231,聯華食,1269901,1243225,2.15,100537,133045,17919
1232,-12029,248514,173489,43.24,1509197,1.65,1.15,13.0196,52.2468,1.07,0.4,1232,大統益,4529389,3951840,14.61,334854,217798,-13989
1233,-5054,45244,55507,-18.49,829045,0.55,0.69,11.3646,73.4524,2.18,1.31,1233,天仁,871187,827630,5.26,80677,82190,-15702
1234,34380,221972,343881,-35.45,5358281,0.41,0.66,14.3643,65.8639,2.11,1.66,1234,黑松,3039007,3194879,-4.88,311784,434501,2538
1235,3714,71639,37647,90.29,373368,1.92,1.01,15.0932,69.3733,3.4,2.64,1235,興泰,871608,731163,19.21,94771,47248,1310
1236,-43299,28711,40002,-28.23,612839,0.47,0.65,12.0773,52.3349,1.1,0.82,1236,宏亞,830973,949196,-12.46,65380,103104,-27387
13,13984530,9251823,32932963,-71.91,168290856,0.55,2.08,17.5834,52.9389,1.2,0.61,13,塑膠類,176736646,186476280,-5.22,8725641,12947666,-2996628
1301,5859490,7470626,11530978,-35.21,42380687,1.76,2.99,21.4073,55.8998,1.5,0.65,1301,臺塑,46281990,39066013,18.47,3031490,3466452,3520364
1303,6934738,7127340,16926457,-57.89,58079248,1.23,3.24,22.0046,53.8126,1.14,0.54,1303,南亞,73373613,81037219,-9.46,6567436,6983651,-1974647
1304,422621,-236185,345723,,7714032,-0.31,0.45,11.1028,60.9504,1.92,0.66,1304,臺聚,3821144,3793032,0.74,-25797,-189598,-199278
1305,-83520,-706340,-296613,138.14,4248035,-1.66,-0.7,10.5463,48.495,1.44,1.01,1305,華夏,4547122,5519039,-17.61,-79807,-335330,-563251
1306,-31938,68836,64039,7.49,483840,1.42,1.48,13.6489,37.0525,1.14,0.61,1306,合發,1258515,1203012,4.61,127036,111747,-28557
1307,9345,34540,42842,-19.38,2069490,0.17,0.21,12.6607,62.2482,2.26,1.44,1307,三芳,2766888,2736454,1.11,125452,38120,-56369
1308,117632,-89275,69560,,2279277,-0.39,0.31,15.314,87.3809,2.83,1.79,1308,亞聚,1840483,1951165,-5.67,-39600,-58041,-53228
1309,66220,-139706,83280,,2626218,-0.53,0.32,14.0888,76.2275,2.02,1.34,1309,臺達化,3040244,3375459,-9.93,-74693,11036,-78725
1310,91267,-328652,946590,,4851510,-0.68,2.05,11.4231,61.1514,0.79,0.4,1310,台苯,3600724,6149641,-41.45,-259066,1146944,-171496
1311,53540,153077,105236,45.46,2594613,0.59,0.41,14.5154,73.9968,2.31,1.36,1311,福聚,5163394,5268317,-1.99,203060,85696,-30683
1312,249910,-1386969,1239664,,6598242,-2.1,1.92,9.9643,41.5428,0.83,0.54,1312,國喬,5418256,7227557,-25.03,-267201,972481,-1301064
1313,162417,-2622,185742,,7017370,(<<<<<),0.27,12.1929,67.1637,2.31,1.32,1313,聯成,2444478,2501925,-2.3,5357,30513,67060
1314,166685,-2698626,1199084,,14828689,-1.82,0.81,10.487,29.5466,0.6,0.35,1314,中石化,10968142,13689275,-19.88,-943016,787717,-1947424
1315,8301,178271,90750,96.44,2415227,0.74,0.38,13.6062,64.4201,2.22,1.74,1315,達新,2369109,2391440,-0.93,151996,109414,42964
1316,46581,-224502,-156978,43.01,1403322,-1.6,-1.12,5.9381,52.2863,0.52,0.24,1316,上曜,599350,841050,-28.74,-25921,-203559,-37259
1317,-41274,-119605,262137,,520875,-2.3,5.03,-2.1796,-5.078,0.44,0.2,1317,尚鋒,769507,793798,-3.06,-51650,-38397,-67955
1319,-167924,217755,-82136,,3883230,0.56,-0.21,11.6528,51.5831,0.95,0.72,1319,東陽,4086061,4117457,-0.76,315888,95273,-65622
1321,-25903,-148969,-130241,14.38,2080845,-0.72,-0.63,11.9724,60.8539,1.45,0.7,1321,大洋,2821032,3042993,-7.29,-62172,-148695,-117195
1323,2995,23015,25520,-9.82,693933,0.33,0.36,12.1264,73.325,1.92,1.36,1323,永裕,631729,730475,-13.52,16602,29392,13859
1324,18066,54136,321949,-83.18,625773,0.87,6.17,14.7234,78.2508,3.38,2.94,1324,地球,685439,699196,-1.97,4206,225,41761
1325,125281,5678,159380,-96.44,896400,0.06,1.98,12.2216,69.509,12.87,5.87,1325,恒大,249426,341763,-27.02,6041,52625,10117
14,-2207704,-9445754,6616029,,304390579,-0.31,0.22,11.8572,48.8417,0.84,0.29,14,紡織纖維類,229052422,246132241,-6.94,3022147,4353026,-11268915
1402,809454,400124,532053,-24.8,32035232,0.12,0.17,15.6661,50.368,0.94,0.42,1402,遠紡,24386729,24294238,0.38,164,-277401,399960
1407,-533064,-4517548,-902757,400.42,24345602,-1.86,-0.37,6.5457,33.9153,0.32,0.1,1407,華隆,15398985,19700148,-21.83,-813006,-566803,-3727119
1408,-579098,-1719787,-914566,88.04,9084506,-1.89,-1.01,7.0997,29.7066,0.54,0.12,1408,中紡,6700922,7478773,-10.4,-775326,-335468,-944461
1409,-88903,-330592,-518322,-36.22,13253409,-0.25,-0.39,8.1266,47.5241,0.66,0.3,1409,新纖,9430874,10199241,-7.53,-78017,-508841,-204315
1410,-50816,-83417,-77485,7.66,900000,-0.93,-0.86,10.6453,83.7581,3.14,2.7,1410,南染,290454,446419,-34.94,-64330,-53266,-36247
1413,-53028,-302087,-319748,-5.52,2836457,-1.06,-1.13,8.4041,52.5366,0.67,0.21,1413,宏洲,2177956,2592850,-16,-307182,-313218,-48989
1414,-217947,-415287,-450763,-7.87,3515775,-1.18,-1.28,5.9096,30.6074,0.41,0.21,1414,東和,2524759,2551046,-1.03,-244760,-244574,-165003
1416,-373514,-465163,-454466,2.35,5497834,-0.85,-0.82,10.0142,53.1202,0.91,0.31,1416,廣豐,1816360,1902508,-4.53,-96431,-115400,-326130
1417,91717,100157,39935,150.8,4157493,0.24,0.1,11.1988,68.0897,1.15,0.64,1417,嘉裕,1424871,1576341,-9.61,-31113,-44814,132034
1418,440228,-475616,355425,,2638553,-1.8,1.35,8.728,65.3142,1.17,0.75,1418,東華,1507936,1587098,-4.99,-300691,-90745,-189404
1419,-136787,-178699,-134622,32.74,2904000,-0.62,-0.46,11.0088,45.2137,0.35,0.29,1419,新紡,588557,673906,-12.66,-62458,3230,-118486
1420,-563514,1335740,-585448,,7880511,1.7,-0.74,10.6725,38.7013,0.68,0.13,1420,潤泰,6975071,7482367,-6.78,273689,-55091,1112843
1422,-289983,-321487,-270230,18.97,1800000,-1.79,-1.5,4.6602,18.1699,0.96,0.03,1422,民興,309740,1236120,-74.94,-39970,19753,-286285
1423,-3330,121286,38331,216.42,1793000,0.68,0.21,12.842,74.5844,4.75,1.96,1423,利華,1987728,1699280,16.97,140137,53528,22950
1431,-676180,-689919,-887647,-22.28,2789250,-2.47,-3.18,0.6363,1.6211,0.53,0.04,1431,新燕,660303,927391,-28.8,-198722,-211463,-491197
1432,-135698,-138701,-159240,-12.9,2077654,-0.67,-0.77,5.5568,23.3608,0.82,0.16,1432,大魯閣,1236337,1469736,-15.88,16115,-22170,-154816
1433,880814,4087394,8901089,-54.08,39439172,1.04,2.44,22.3298,49.7923,1.05,0.32,1433,臺化,51528820,47579547,8.3,3305443,3793545,781951
1434,370172,656567,1908170,-65.59,14819801,0.44,1.36,11.9058,57.0317,2.03,1.12,1434,褔懋,12224987,12928946,-5.44,1399377,1680829,-635113
1435,-33296,-35152,-43980,-20.07,1397801,-0.25,-0.31,10.7259,72.5916,0.94,0.29,1435,中褔,226323,408844,-44.64,-67949,-19591,27261
1436,-18584,124637,-206517,,3000000,0.42,-0.65,11.8689,64.1608,2.02,0.24,1436,褔益,144838,340017,-57.4,-151501,-189003,276138
1437,17016,-135196,-20267,567.07,1572008,-0.86,-0.13,12.7394,64.6543,1.27,0.59,1437,勤益,525675,469422,11.98,-94363,-69574,-33197
1438,-337991,-115836,-396019,-70.75,1024115,-1.13,-3.87,4.6656,27.4922,0.51,0.08,1438,裕豐,362277,355431,1.93,-91088,-58028,-24748
1439,30173,104360,31110,235.45,1085400,0.96,0.29,12.8392,64.4094,4.02,1.92,1439,中和,955666,1059902,-9.83,66173,5381,53447
1440,320171,-487012,43849,,15013380,-0.32,0.03,12.1245,60.7947,1.51,0.4,1440,南紡,7339841,7775978,-5.61,-410563,-265833,192040
1441,-69950,-286800,-63293,353.13,1625006,-1.76,-0.37,10.1519,44.0201,1.04,0.35,1441,大東,1387622,1682301,-17.52,-150589,13802,-121508
1442,-534195,-160991,-545099,-70.47,995790,-1.62,-2.74,11.4256,51.8694,1.51,0.15,1442,達永興,373040,2252431,-83.44,-13372,-37884,-152787
1443,-70061,-168871,-112080,50.67,3010900,-0.56,-0.37,9.925,67.7233,0.63,0.28,1443,立益,534349,351605,51.97,-57818,-11232,-58766
1444,-198458,-402211,-316432,27.11,7314000,-0.55,-0.39,10.0439,61.3707,0.74,0.45,1444,力麗,4075475,4562819,-10.68,62218,-117974,-364429
1445,2068,34620,28277,22.43,1780010,0.19,0.14,12.2974,62.2398,1.77,1.04,1445,大宇,1973282,1919455,2.8,95247,19552,2897
1446,-4291,3442,-43750,,3338158,0.01,-0.13,13.4897,63.1181,1.06,0.43,1446,宏和,3066743,5707488,-46.27,37332,-39501,-33890
1447,-195757,-49274,-23141,112.93,5706875,-0.09,-0.04,11.2627,51.6946,1.1,0.59,1447,力鵬,6626897,6361554,4.17,200261,79116,-249535
1449,53861,-31164,143134,,6668541,-0.05,0.21,7.9203,47.3432,0.85,0.27,1449,佳和,3537753,3895062,-9.17,233938,87499,-234268
1450,-34219,-203388,62471,,2821132,-0.72,0.22,11.6046,52.2906,0.46,0.22,1450,新藝,1349435,1277828,5.6,-119281,79793,-84107
1451,432728,1281594,1211677,5.77,5983691,2.14,2.43,14.5316,78.6294,1.54,0.86,1451,年興,4798008,4488862,6.89,1050522,1028580,500256
1452,-38266,68933,-57205,,1892900,0.36,-0.3,9.4227,74.4218,1.72,1.34,1452,宏益,1324750,1357467,-2.41,37470,-31808,51540
1453,-69778,41751,-89027,,1493884,0.28,-0.6,8.0721,45.4243,1.09,0.44,1453,大將,1803291,457680,294.01,-20507,-34797,60646
1454,17733,29651,75839,-60.9,1621291,0.18,0.48,11.0368,61.6916,1.18,0.55,1454,台富,2135367,2106139,1.39,161427,72455,-81776
1455,-25986,100151,104798,-4.43,4060224,0.25,0.26,12.3319,62.8852,1.02,0.6,1455,集盛,3826737,2784861,37.41,54136,-36222,33625
1456,287618,-198715,256167,,3872830,-0.51,0.66,5.7504,30.1954,0.91,0.36,1456,怡華,2719738,3111050,-12.58,-61735,-8452,-108242
1457,276413,65338,203730,-67.93,3723200,0.18,0.53,11.191,50.5304,0.5,0.28,1457,宜進,2580040,2722171,-5.22,49811,-49694,32831
1458,-337009,-1097128,-354742,209.27,5650000,-1.94,-0.63,5.8308,42.1873,0.36,0.23,1458,嘉畜,1748985,2836744,-38.35,-96508,-17733,-1000620
1459,-130452,80579,15850,408.38,3533776,0.23,0.04,11.9742,65.7895,1.68,0.99,1459,聯發,1921559,1961318,-2.03,94035,170654,-21248
1460,5929,260639,57364,354.36,4780555,0.55,0.11,12.9442,68.1868,1.39,0.29,1460,宏遠,4434697,6012042,-26.24,156121,60311,119864
1462,-67122,-5719580,125122,,22224139,-2.57,0.06,7.5736,35.9584,0.68,0.05,1462,東雲,7558521,10171941,-25.69,-712022,-2172,-5073695
1463,20901,-26687,122064,,2060578,-0.13,0.61,10.6742,83.1163,1.46,0.79,1463,強盛,899801,1318580,-31.76,-41817,125823,3389
1464,-72788,118976,12587,845.23,2396194,0.5,0.05,6.5799,49.0619,0.68,0.29,1464,得力,2007202,2495645,-19.57,172439,89528,-46616
1465,19984,118545,104761,13.16,1073609,1.1,0.92,16.3005,82.2253,3.7,2.8,1465,偉全,1595633,1637502,-2.56,128524,116102,24668
1466,-133438,-301148,-348333,-13.55,1687387,-1.78,-1.31,5.0324,28.4914,0.26,0.06,1466,聚隆,1338084,1660487,-19.42,-201171,-209980,-129750
1467,-80692,33495,11792,184.05,987360,0.34,0.12,13.0208,48.2382,0.81,0.58,1467,南緯,1547887,2237094,-30.81,106631,109484,-57252
1468,-19026,43496,75201,-42.16,1604053,0.27,0.51,12.2894,71.4268,1.96,1.04,1468,昶和,919291,1215830,-24.39,48051,108778,1196
1469,-86602,17263,-7606,,1246000,0.14,-0.07,16.0353,70.5263,0.97,0.44,1469,理隆,797841,805083,-0.9,47472,88655,-23857
1470,-31220,-40640,-19650,106.82,857670,-0.47,-0.23,9.7237,69.6447,1.18,0.88,1470,大統染,555149,627397,-11.52,-23596,1031,-14895
1471,-102931,-9583,-34283,-72.05,1171280,-0.08,-0.29,11.1787,44.0533,1.04,0.78,1471,首利,2056546,2065083,-0.41,40611,58448,-45194
1472,-12569,-13702,-9796,39.87,690000,-0.2,-0.14,15.4565,80.638,1.89,1.02,1472,三洋纖,796059,630591,26.24,-8743,-4227,-4659
1473,215584,370199,321604,15.11,1160902,3.19,3.39,22.9223,74.9228,1.38,0.8,1473,台南,2841174,2538313,11.93,154521,203977,280174
1474,1284,85588,92698,-7.67,608862,1.41,1.52,14.9175,54.1849,1.76,1.11,1474,弘裕,2020161,1989504,1.54,103414,113193,10122
1475,-76716,-69173,16539,,976721,-0.71,0.17,9.1205,40.591,1.02,0.24,1475,本盟,1017493,1571107,-35.24,8405,80052,-68983
1476,-18293,60275,90906,-33.7,912108,0.66,1,13.6745,53.8614,1.2,0.56,1476,儒鴻,2157803,2583658,-16.48,113092,132886,-27160
15,-361861,4632214,4755753,-2.6,70865207,0.65,0.71,14.8624,54.6085,1.41,0.78,15,電機機械類,72189977,77415843,-6.75,4107197,6064954,1222577
1503,-129062,278497,449294,-38.01,5209722,0.53,0.9,17.1642,56.1112,1.34,0.8,1503,士電,7048226,7510396,-6.15,482198,690800,-166205
1504,364075,380208,848052,-55.17,19571203,0.19,0.47,16.6983,56.9502,1.49,1.02,1504,東元,16247342,15438479,5.24,34857,611303,345351
1506,-39576,-1508,4960,,1022516,-0.01,0.05,11.2278,41.3093,0.5,0.21,1506,正道,535173,636288,-15.89,29038,32505,-39342
1507,73981,254627,288996,-11.89,4108200,0.62,0.7,17.1581,76.879,2.67,1.84,1507,永大,2128037,2686509,-20.79,191993,274320,77220
1510,-103191,-28407,75444,,2280434,-0.12,0.34,13.6883,39.3651,1.62,0.63,1510,台安,4025713,4333896,-7.11,86272,169927,-110957
1512,-144320,17081,-69895,,1765073,0.1,-0.4,11.2219,52.3443,0.81,0.41,1512,瑞利,1773644,2000178,-11.33,34958,84197,-11414
1513,-264446,416090,879565,-52.69,6233040,0.67,1.41,13.1302,46.9797,1.61,0.26,1513,中興電,6709033,7707103,-12.95,530656,1194879,-54232
1514,-21728,104439,177872,-41.28,1982174,0.53,0.9,12.2753,57.7014,1.75,1.05,1514,亞力,2226418,2409859,-7.61,184440,256352,-42636
1515,-150381,-64508,72963,,2497131,-0.26,0.31,11.5778,42.9392,1.4,1.06,1515,力山,2492197,3814593,-34.67,86861,283021,-144837
1516,12097,-93987,6513,,1542362,-0.61,0.04,8.4041,57.3813,1.13,0.62,1516,川飛,638335,849802,-24.88,10346,-5865,-106558
1517,-238385,-130087,-298300,-56.39,2312673,-0.56,-1.29,10.7298,89.7593,6.7,5.38,1517,利奇,1021655,1660540,-38.47,-160870,-77180,-12463
1518,-64776,-21980,7090,,1847421,-0.12,0.04,11.3433,66.5102,1.65,0.43,1518,夆典,2045433,1412042,44.86,39644,100732,-70639
1519,-3908,93114,226891,-58.96,2195604,0.42,1.14,10.7166,54.8587,1.2,0.87,1519,華城,1539770,2226265,-30.84,98891,265247,-6590
1520,263598,2032460,675193,201.02,3562872,5.7,2.45,18.9926,58.8693,1.17,0.86,1520,復盛,3694472,2898167,27.48,897187,516307,1384208
1521,-28778,30368,115811,-73.78,762300,0.4,1.52,13.3823,46.748,1.44,0.92,1521,大億,1479578,1811843,-18.34,15980,161770,5957
1522,-42703,214673,-16564,,1696484,1.27,-0.1,19.5767,46.9347,1.01,0.75,1522,堤維西,3259339,2822256,15.49,229023,25853,39366
1523,3208,103260,-75432,,1449349,0.71,-0.52,14.2671,46.247,0.69,0.51,1523,開億,2375143,2094062,13.42,141490,-98674,-11052
1524,-3591,53462,15575,243.26,1052670,0.51,0.16,12.5658,49.8951,0.83,0.52,1524,耿鼎,1094666,840974,30.17,83194,7511,-12018
1525,12584,29682,50808,-41.58,410571,0.72,1.24,19.7578,75.6726,3.52,2.53,1525,江申,527091,682003,-22.71,9847,48224,16835
1526,-15462,-87685,-17343,405.59,787971,-1.11,-0.22,10.6714,53.5363,0.96,0.41,1526,日馳,481846,634681,-24.08,-73864,-13210,-28862
1527,24637,421499,353349,19.29,1297750,3.25,3.28,14.6729,63.5784,3.15,2.71,1527,鑽全,1477947,1442839,2.43,507631,439560,42307
1528,-18825,15772,97230,-83.78,800000,0.2,1.35,14.0682,49.6105,1.62,1.02,1528,恩德,1432939,1712849,-16.34,89288,141393,-72337
1529,4736,-12770,45757,,713083,-0.18,0.82,11.4761,54.5128,1.56,0.7,1529,樂士,639992,893112,-28.34,3001,51368,-14218
1530,6317,14557,18285,-20.39,476011,0.31,0.39,11.0696,77.5854,3.98,2,1530,亞崴,296590,355890,-16.66,16386,16129,3486
1531,27293,236698,289057,-18.11,1199121,1.97,2.67,19.1324,77.5254,3.69,1.98,1531,高林股,1823373,2093470,-12.9,206733,354515,78555
1532,187501,92318,211689,-56.39,1118549,0.83,2.01,15.6267,65.6257,1.08,0.73,1532,勤美,1465734,1435098,2.13,-4578,34788,94639
1533,-55137,204764,137256,49.18,757560,2.7,2.14,17.8585,48.2639,1.28,0.54,1533,車王電,1243100,1391780,-10.68,206984,237750,58098
1534,-30162,7571,74898,-89.89,888977,0.09,1.32,12.9927,31.8703,1,0.28,1534,新企,872113,1616780,-46.06,27485,121595,-25568
1535,33112,59051,91969,-35.79,811719,0.73,1.13,12.3794,27.568,1.25,0.99,1535,中宇,1126654,1436027,-21.54,65859,91424,20869
1536,-20569,12955,18770,-30.98,512667,0.25,0.4,11.418,41.9647,0.99,0.72,1536,和大,468424,568062,-17.54,36267,48413,-14386
16,12690090,1911087,14382827,-86.71,117751148,0.16,1.3,13.5488,62.9266,1.24,0.63,16,電器電纜類,62167771,69124006,-10.06,208722,1801816,1601091
1601,1207139,-168103,1080667,,2756160,-0.61,3.41,7.8674,39.3348,0.95,0.3,1601,台光,1914650,2035585,-5.94,-111024,-126472,-51580
1602,1736025,3193089,1845863,72.99,31561634,1.01,0.6,13.7809,57.5004,1.14,0.45,1602,太電,9126807,8617427,5.91,-34184,128463,3308425
1604,1289017,804539,1861147,-56.77,11947249,0.67,1.78,11.4195,65.6941,1.47,0.79,1604,聲寶,9766548,10929266,-10.64,246331,572130,558208
1605,7340697,-903407,7911137,,36129763,-0.25,2.5,15.2534,77.1354,1.48,0.9,1605,華新,12565332,15748682,-20.21,93250,570440,-996657
1606,87897,-245699,-84960,189.19,5184000,-0.47,-0.16,10.6811,37.343,0.87,0.51,1606,歌林,3264708,3220408,1.38,-237248,-183281,-23493
1608,114968,-749538,192488,,6296254,-1.19,0.31,12.2039,70.6621,1.7,1.11,1608,華榮,4159159,4725390,-11.98,68251,80071,-883061
1609,79518,-101754,321438,,5425770,-0.19,0.58,11.3493,60.5613,1.39,0.67,1609,大亞,3197735,3935194,-18.74,43797,310180,-158318
1611,188817,129436,234039,-44.69,3601109,0.36,0.65,12.8622,76.1837,3.02,2.3,1611,中電,2248684,2625915,-14.37,34192,86016,101819
1612,414970,-74555,448545,,3321390,-0.22,1.42,11.8309,77.3042,3.46,1.89,1612,宏泰,1566839,1871684,-16.29,-70279,44752,-12750
1613,8972,-233877,86122,,4321974,-0.54,0.2,14.1187,42.4887,0.8,0.33,1613,台一,3842150,5713483,-32.75,-46168,24598,-307434
1614,235221,185774,345873,-46.29,3166040,0.59,1.11,15.2241,67.7474,2.71,2.27,1614,三洋電,4798774,4437428,8.14,116183,158521,113019
1615,-19794,-25744,-43702,-41.09,882000,-0.29,-0.5,11.663,46.3106,0.97,0.56,1615,大山,1095479,963598,13.69,-32848,-60725,-3744
1616,35551,-58866,54956,,1008294,-0.58,0.54,17.1622,70.618,1.76,0.86,1616,億泰,1041139,1107521,-5.99,-30637,15043,-29016
1617,-2493,127179,120711,5.36,955661,1.33,1.35,15.0781,54.7269,1.36,1.07,1617,榮星,2292167,2304938,-0.55,113918,161629,31463
1618,-26415,32613,8503,283.55,1193850,0.27,0.07,17.2568,47.3663,0.87,0.43,1618,合機,1287600,887487,45.08,55188,20451,-45790
17,21248,4531163,4112139,10.19,75980783,0.6,0.56,14.8761,60.1061,1.67,1.12,17,化學類,73462727,68134649,7.82,5269050,4663774,323663
1701,-112115,-86339,-11694,638.32,2509100,-0.34,-0.05,13.2696,52.8583,1.08,0.67,1701,中化,1790034,1852408,-3.37,32112,74695,-113248
1702,-150265,48120,-70332,,2796871,0.17,-0.25,8.249,47.8584,0.68,0.45,1702,南僑,1025279,1095951,-6.45,60564,79933,-12444
1704,160330,158627,256988,-38.27,4717247,0.34,0.57,13.1857,66.3985,1.7,1.04,1704,榮化,5535506,5618811,-1.48,171726,174425,77261
1707,-70866,-5839,-78022,-92.52,1308186,-0.04,-0.6,10.716,73.5247,3.77,2.7,1707,葡萄王,725597,655519,10.69,32737,-2891,-36959
1708,304970,52141,198780,-73.77,2104529,0.25,1.03,12.6672,69.4554,1.14,0.69,1708,東碱,1184578,1228447,-3.57,-57445,-55589,114287
1709,23592,156539,107033,46.25,1970848,0.79,0.56,13.0745,78.719,3.66,1.86,1709,和益,2441136,2138194,14.17,179837,115903,17505
1710,21760,396568,373102,6.29,4959070,0.8,0.73,11.3252,69.25,1.04,0.66,1710,東聯,3413935,3738638,-8.69,348268,388595,96577
1711,-125855,113501,112114,1.24,3878600,0.29,0.3,12.5446,67.9355,1.61,0.81,1711,永光,3028291,2949955,2.66,242824,210056,-147392
1712,-5770,64199,108133,-40.63,3573319,0.18,0.31,11.251,66.9129,1.32,0.48,1712,興農,4927015,4849452,1.6,175057,80026,-129534
1713,21797,67675,91754,-26.24,1509517,0.45,0.61,13.2185,84.7672,12.63,8.89,1713,國化,614650,776551,-20.85,58706,98031,29277
1714,222359,464148,281539,64.86,5110886,0.91,0.61,12.4683,59.197,1.78,1.39,1714,和桐,6943553,4471609,55.28,172599,89690,372380
1715,798698,64519,1071903,-93.98,3371924,0.19,4.12,13.321,57.3437,0.86,0.35,1715,亞化,2303881,2076388,10.96,53291,27131,24125
1716,-40779,312103,260904,19.62,2416535,1.29,1.08,18.7708,86.9291,3.79,2.28,1716,永信,1888383,1825543,3.44,457988,403056,-59046
1717,-237916,435956,589690,-26.07,5541752,0.79,1.18,15.8614,56.7898,1.93,1.34,1717,長興,8864368,9388602,-5.58,572936,1109331,-57151
1718,-605660,144439,-418931,,9123038,0.16,-0.46,8.3058,35.1762,0.79,0.47,1718,中纖,6714159,4363942,53.86,331560,163441,-190895
1720,-34194,72332,66140,9.36,1143521,0.63,0.61,12.5786,63.4541,3.67,2.68,1720,生達,834741,827039,0.93,165840,121286,-54081
1721,237600,-29835,758,,959345,-0.31,<<<<<,8.0584,61.8992,1.01,0.61,1721,三晃,578684,968415,-40.24,-561,-241787,-20868
1722,-482422,608938,-172638,,9800000,0.62,-0.18,31.4174,62.4435,11.38,8.86,1722,台肥,6031040,5955159,1.27,474415,234533,292777
1723,188220,372362,477661,-22.04,1755402,2.12,3.02,13.7252,66.1452,1.81,1.68,1723,中碳,1918854,2149773,-10.74,367523,383605,114400
1724,-33417,62522,54972,13.73,1649140,0.38,0.33,9.4149,55.3932,1.1,0.71,1724,台硝,1318431,1348662,-2.24,173792,106490,-88077
1725,-7603,34114,35529,-3.98,536122,0.64,0.69,11.3597,23.5862,1.04,0.81,1725,元禎,2937986,2195179,33.84,44808,46228,-8516
1726,-61999,342659,311206,10.11,1562489,2.19,1.99,22.542,79.264,3.1,1.95,1726,永記,3574113,3525960,1.37,457052,510447,-370
1727,-1429,4253,21778,-80.47,470000,0.09,0.54,14.8121,70.233,2.01,1.2,1727,中華化,475754,432145,10.09,8378,27989,-6245
1729,24430,513767,300512,70.96,1284364,4,3.17,14.9028,79.4365,2.87,2.47,1729,必翔,1402066,849715,65,609045,326082,61818
1730,-4923,22132,35967,-38.47,407824,0.54,0.88,11.6763,82.2525,3.37,2.64,1730,花仙子,316980,393139,-19.37,24751,55001,4917
1731,5410,58628,48415,21.09,705737,0.83,0.74,15.2264,40.6295,1.08,0.87,1731,美吾華,2093546,1879541,11.39,46239,50573,20866
1732,-2323,11068,24459,-54.75,416117,0.27,0.62,11.0443,84.1096,5.23,3.29,1732,毛寶,337870,363108,-6.95,10543,35190,5959
1733,-10382,71866,34419,108.8,399300,1.8,1.15,13.747,90.0497,8.31,6.81,1733,五鼎,242297,216804,11.76,54465,52304,16340
18,-646234,717436,717517,-0.01,25844524,0.28,0.26,15.3648,69.2191,1.38,0.68,18,玻璃陶瓷類,13271464,16622637,-20.16,1280497,1809247,-138216
1802,-70064,1708651,1353642,26.23,12000000,1.42,1.22,19.8369,79.7306,2.38,1.35,1802,台玻,7862401,9511342,-17.34,1597013,1803706,491638
1805,-317405,-198048,-445337,-55.53,1750000,-1.13,-1.27,9.9352,60.2,0.97,0.23,1805,凱聚,503252,850286,-40.81,-119365,-107053,-78683
1806,-59203,-232095,72525,,3446754,-0.67,0.21,9.1192,59.862,0.83,0.32,1806,信益,978163,1330279,-26.47,-54557,133814,-192440
1807,-50877,-330338,-216453,52.61,2518206,-1.31,-0.86,8.4216,54.7028,0.7,0.18,1807,羅馬,670375,1047685,-36.01,-182116,-165576,-148222
1808,-50618,-88600,-228533,-61.23,300000,-2.95,-2.4,6.856,17.3022,0.08,0.03,1808,國賓瓷,83382,138598,-39.84,-53207,-177915,-31201
1809,46437,43500,138741,-68.65,1640079,0.27,0.85,12.4087,61.0117,1.28,0.71,1809,中釉,1234651,1288322,-4.17,70055,109689,-1724
1810,-144504,-185634,42932,,4189485,-0.44,0.1,15.9016,60.7177,1.17,0.53,1810,和成,1939240,2456125,-21.04,22674,212582,-177584
19,388064,-580476,3787375,,43356256,-0.13,0.9,11.6656,53.3488,1.5,0.76,19,造紙類,37546010,43004333,-12.69,298541,3722879,-793965
1902,-102952,-456148,341625,,5600000,-0.81,0.61,10.4567,45.0703,0.96,0.24,1902,臺紙,3345756,3435452,-2.61,27892,444577,-484040
1903,670997,-279478,480337,,2600391,-1.07,1.99,14.9822,44.9859,1.09,0.56,1903,士紙,1383787,1512766,-8.53,-224179,-169609,-56122
1904,143302,61926,1096366,-94.35,9900000,0.06,1.15,12.3436,47.9986,1.51,0.67,1904,正隆,10546186,12732190,-17.17,233204,1069408,-157736
1905,-9590,-313608,767830,,5631847,-0.56,1.46,11.6004,74.1097,8.68,5.51,1905,華紙,3599534,4428653,-18.72,-365043,845839,59805
1906,-67973,-23705,-55159,-57.02,1918000,-0.12,-0.29,5.448,54.0485,1.02,0.85,1906,寶隆,1334007,1301405,2.51,20215,12814,-43739
1907,-105752,379810,877190,-56.7,12590433,0.3,0.72,12.1057,54.9135,1.55,0.93,1907,永豐餘,13696581,14993959,-8.65,566116,1035942,-120306
1909,-139968,50727,279186,-81.83,5115585,0.1,0.55,11.3108,62.9685,2.29,1.69,1909,榮成,3640159,4599908,-20.86,40336,483908,8173
20,-4427212,931077,15600186,-94.03,179112980,0.05,0.88,12.2249,54.316,1.14,0.43,20,鋼鐵類,168163472,195739745,-14.09,7671161,23158415,-5511925
2002,575977,5485258,15819852,-65.33,91089364,0.6,1.8,13.8071,65.0396,1.77,0.6,2002,中鋼,63913641,77630293,-17.67,6048630,17655980,334155
2005,-87267,-56441,-112989,-50.05,3545225,-0.16,-0.32,1.4261,14.7618,0.43,0.31,2005,友力,813265,914849,-11.1,-13563,-25688,-42878
2006,-404936,-306682,364007,,6801285,-0.45,0.5,14.3851,41.084,0.86,0.37,2006,東鋼,9414335,10871666,-13.4,332838,814690,-578515
2007,-523481,-1455200,129586,,4464106,-3.26,0.29,11.2903,26.4128,0.7,0.11,2007,燁興,7007656,11076688,-36.74,-169563,690106,-1272370
2008,-394844,-415696,-471280,-11.79,4238266,-0.98,-1.11,8.5144,29.7894,0.52,0.16,2008,高興昌,4903408,6991655,-29.87,-117004,-70946,-298805
2009,-8164,-157526,164079,,3578330,-0.44,0.46,9.7893,71.2143,1.88,1.24,2009,第一銅,2019839,2149585,-6.04,127122,219784,-342889
2010,83088,176487,340505,-48.17,4781908,0.37,0.71,15.3975,58.485,1.82,1.2,2010,春源,7702011,8333951,-7.58,202722,345324,16041
2012,-160374,-28474,-176965,-83.91,2877740,-0.1,-0.61,9.0709,45.9091,1.19,0.68,2012,春雨,2342581,2951543,-20.63,80935,-16199,-110694
2013,10712,164918,145846,13.08,1472122,1.12,1.03,18.054,43.4767,1.14,0.77,2013,中鋼構,4504728,3117649,44.49,214628,165310,-16622
2014,-968687,-1818779,-1007507,80.52,11443361,-1.59,-0.88,7.9696,32.4678,1.06,0.14,2014,燁隆,13113085,16112174,-18.61,-819969,-38820,-998810
2015,-124238,95017,232550,-59.14,5395658,0.18,0.41,11.611,62.9357,1.04,0.33,2015,豐興,7550391,7237013,4.33,214598,442304,-92467
2016,-691353,-391229,-413461,-5.38,2659972,-1.47,-1.55,5.757,25.7893,0.47,0.29,2016,名佳利,2486633,2362803,5.24,123262,297061,-468544
2017,-457633,-124736,-205799,-39.39,4507940,-0.28,-0.45,8.5028,60.1628,0.84,0.31,2017,嘉益,2398470,3018761,-20.55,-17061,278084,-107675
2020,81359,15663,123597,-87.33,1170118,0.13,1.06,11.7374,57.5576,1.46,0.68,2020,美亞,1728597,1839672,-6.04,29567,31095,-12116
2022,72823,-198798,19983,,4247693,-0.47,0.05,8.169,63.7138,0.3,0.2,2022,聚亨,952126,1211160,-21.39,-48230,-50669,-150568
2023,-412764,382555,498592,-23.27,7971788,0.48,0.6,13.3986,51.8314,0.85,0.44,2023,燁輝,13206740,15146259,-12.81,903228,1028793,-407741
2024,-124665,-233543,-176086,32.63,1496272,-1.56,-1.14,8.6767,42.455,0.38,0.19,2024,志聯,943494,1293969,-27.09,-111631,-51421,-121912
2025,-121069,-164086,-71996,127.91,3228341,-0.51,-0.22,7.6611,49.6483,0.44,0.11,2025,千興,2500042,2099181,19.1,-29053,61829,-148331
2027,-279653,-13789,53198,,2480410,-0.06,0.21,12.9857,57.937,1.1,0.7,2027,大成鋼,1928549,2825840,-31.75,194035,409841,-216853
2028,-344445,-239247,-411802,-41.9,4026892,-0.59,-1.02,9.2218,40.1421,0.95,0.09,2028,威致,2836148,3035163,-6.56,52920,-103632,-292167
2029,-7467,240226,334029,-28.08,3180000,0.76,1.05,17.849,62.8101,1.23,0.67,2029,盛餘,8368633,6736806,24.22,306648,395973,-885
2030,-46765,19878,63554,-68.72,803592,0.25,0.87,13.3816,38.5882,1.25,0.28,2030,彰源,1669519,1894683,-11.88,71084,133998,-42838
2031,-58984,-66522,139514,,1188000,-0.56,1.45,11.0452,49.7112,1.58,0.95,2031,新光鋼,1941980,2561611,-24.19,40537,230894,-110166
2032,32705,34613,107021,-67.66,756165,0.46,1.46,14.0181,60.9324,1.95,1.36,2032,新鋼,1177156,1343774,-12.4,23524,91537,15101
2033,-32466,18505,5658,227.06,651871,0.28,0.09,11.1068,51.9463,0.97,0.61,2033,佳大,661708,688192,-3.85,38834,48246,-18276
2034,-34621,-31295,106500,,1056561,-0.3,0.98,12.2669,46.6897,1.32,0.59,2034,允強,2078737,2294805,-9.42,-7877,174941,-25100
21,61969,1629442,320175,408.92,35268220,0.46,0.09,13.1013,59.6988,0.99,0.57,21,橡膠類,22551721,22689655,-0.61,1267305,499141,542582
2101,-993910,-283080,-1021653,-72.29,2608200,-1.09,-3.92,6.4251,16.6598,0.23,0.1,2101,南港,2880552,2985880,-3.53,123875,18856,-405463
2102,-350825,143749,-327031,,2691583,0.53,-1.22,11.1021,46.6649,1,0.78,2102,泰豐,2195664,1993644,10.13,162374,18783,-23781
2103,-90537,89401,-109339,,6095114,0.15,-0.18,11.735,64.8596,1.32,0.82,2103,臺橡,4267679,4142829,3.01,192968,-20162,-90640
2104,696484,195769,654935,-70.11,4000234,0.49,1.69,17.444,68.984,1.1,0.56,2104,中橡,1588474,1559514,1.86,102012,-54605,1792
2105,610020,1252316,885549,41.42,8360125,1.5,1.13,15.9461,77.2861,1.52,0.9,2105,正新,5702713,5691450,0.2,469789,461133,1013900
2106,152041,115190,112739,2.17,3203884,0.36,0.37,13.8574,63.7765,1.29,0.82,2106,建大,1884412,2042958,-7.76,-26319,-40068,152394
2107,-58079,-143334,-52815,171.39,3970884,-0.36,-0.13,10.1489,50.6392,1.04,0.32,2107,厚生,1099846,1121462,-1.93,74277,-5339,-218130
2108,-23441,188381,70026,169.02,1960852,0.96,0.37,12.476,79.5022,2.5,1.61,2108,南帝,1690433,1625417,4,207734,127266,13778
2109,120216,71050,107764,-34.07,2377344,0.3,0.47,13.3097,69.5872,2.67,1.86,2109,華豐,1241948,1526501,-18.64,-39405,-6723,98732
22,3379358,6349056,8104384,-21.66,43031572,1.48,1.97,20.5158,65.3395,1.78,1.31,22,汽車類,116065969,152315064,-23.8,4539101,6505116,3165608
2201,1963372,2786710,3318228,-16.02,17263000,1.61,2.02,20.7568,69.9959,2.19,1.57,2201,裕隆,30989966,37609039,-17.6,1692899,2105043,1803015
2204,854861,2761118,3128322,-11.74,12253080,2.25,2.77,24.1303,64.5222,1.96,1.56,2204,中華,33253120,45205792,-26.44,2282415,2913461,917703
2206,2491,21236,392093,-94.58,8053700,0.03,0.5,14.6772,56.7785,1.09,0.5,2206,三陽,14151228,24750809,-42.83,59980,474626,20137
2207,558634,779992,1265741,-38.38,5461792,1.43,2.32,20.2549,64.0262,1.57,1.17,2207,和泰,37671655,44749424,-15.82,503807,1011986,424753
23,61036934,86193445,273902129,-68.53,1371070663,0.63,2.41,17.7868,65.2795,1.7,1.23,23,電子類,1686088162,1834020892,-8.07,101623186,231610658,-2309723
2301,75855,629201,726590,-13.4,6499880,0.97,1.19,12.3464,51.6984,1.29,0.97,2301,光寶,11242261,11565416,-2.79,1033905,749598,-252439
2302,49421,-43351,123879,,2770000,-0.16,0.45,18.1894,85.5313,2.56,1.13,2302,麗正,1036174,1071639,-3.31,9959,82736,-30010
2303,4873413,596312,34067250,-98.25,133356954,0.04,2.97,17.3617,75.6642,2.24,1.88,2303,聯電,50551273,73233312,-30.97,-415569,28959491,-1295458
2304,-958929,-1580931,-1088696,45.21,3737824,-4.23,-1.61,5.0455,14.0784,0.72,0.46,2304,誠洲,4280735,8164084,-47.57,-496843,-389916,-1027132
2305,397382,-442066,235733,,4539974,-0.97,0.52,7.007,55.8225,2.45,1.91,2305,全友,2038730,2237073,-8.87,-102081,-161649,-339985
2306,4467278,619406,6155292,-89.94,43261121,0.14,1.57,14.5779,69.8883,1.58,1.29,2306,宏電,50052366,80675964,-37.96,-1025703,1067675,1986658
2308,4091996,2930874,3625438,-19.16,11894600,2.46,3.8,22.4151,61.0874,0.95,0.84,2308,台達電,19587977,19186794,2.09,99726,147535,3222120
2310,563824,860111,781046,10.12,4681309,1.84,1.95,15.3238,48.746,1.92,1.33,2310,旭麗,9713682,11772965,-17.49,730462,386788,349002
2311,1337686,-944719,4543344,,32548000,-0.29,1.65,13.1179,62.532,1.19,0.98,2311,日月光,14603773,18742899,-22.08,1224332,3883623,-2654481
2312,788308,1167262,694547,68.06,9469393,1.23,0.85,13.5259,69.4223,1.24,0.96,2312,金寶,6778803,8844192,-23.35,63585,212928,1230274
2313,112656,1039569,1624061,-35.99,8250786,1.26,2.39,20.6117,59.3153,2.23,1.77,2313,華通,11949633,14103707,-15.27,399871,1708776,721879
2314,538275,611456,629372,-2.85,3830934,1.6,2.01,12.9303,63.3963,1.74,0.87,2314,台揚,3746100,3361720,11.43,256331,194229,437526
2315,837672,664480,1443145,-53.96,9945133,0.67,1.62,15.1713,62.1003,2.13,1.54,2315,神達,23209973,33523986,-30.77,287114,864473,487366
2316,117228,-229414,766641,,4279599,-0.54,1.82,14.8085,59.9795,1.47,1.06,2316,楠梓電,4078778,5721403,-28.71,267598,685282,-496450
2317,3735425,9087968,7079042,28.38,17687800,5.14,4.87,29.1112,49.3592,1.23,0.81,2317,鴻海,99648006,59076949,68.67,5709212,4720405,4858414
2318,-82455,-280791,-78851,256.1,2939084,-0.96,-0.27,11.8252,63.4595,1.51,0.87,2318,佳錄,982641,1620117,-39.35,-299449,-26889,-4878
2319,-218354,185432,258272,-28.2,14674308,0.13,0.18,10.3075,43.6877,2.95,2.45,2319,大眾,30673167,35892969,-14.54,1765125,839471,-1255664
2321,146235,67991,155496,-56.27,2769788,0.25,0.63,14.065,54.1339,1.26,0.82,2321,東訊,6924471,6436663,7.58,50972,3858,2019
2322,645333,359139,400598,-10.35,4886683,0.73,0.82,11.1646,35.0715,1.11,0.44,2322,致福,7576317,6361586,19.09,-145319,-241037,584145
2323,3599031,2622937,5386549,-51.31,21732464,1.21,3.11,17.947,60.5785,2.01,1.6,2323,中環,13414242,11451621,17.14,2626257,1324196,-260229
2324,1036311,3973318,4167719,-4.66,21018148,1.89,2.68,18.5381,68.5635,1.71,1.39,2324,仁寶,51273867,51733263,-0.89,2970907,3427059,1088361
2325,306399,8434,2345013,-99.64,18851737,<<<<<,1.62,14.5368,64.3634,2.29,1.95,2325,矽品,11842368,13807739,-14.23,-22682,2205357,-458299
2326,-170488,-358964,-405264,-11.42,3507681,-1.02,-0.74,8.3812,48.2378,1.07,0.4,2326,亞瑟,1963847,3852450,-49.02,-58435,-235339,-300501
2327,2206391,3345848,3306034,1.2,20507928,1.63,2.4,19.3041,65.763,0.91,0.58,2327,國巨,4910025,4992730,-1.66,1162485,1337731,2174562
2328,216093,63159,394206,-83.98,3441000,0.18,1.15,14.2008,81.4379,2.78,2.63,2328,廣宇,2643253,5350445,-50.6,159665,170224,-96946
2329,-604861,-1871430,482741,,12413826,-1.51,0.49,11.3541,46.837,0.65,0.42,2329,華泰,7773314,10824258,-28.19,-1904453,403884,-117976
2330,3535419,9969453,43633128,-77.15,181325531,0.55,3.73,15.0098,81.5936,2.35,1.92,2330,台積電,92758387,112406715,-17.48,11483034,39381528,-5122731
2331,-110263,1787577,805092,122.03,2246536,7.96,5.26,22.055,39.34,1.1,1.01,2331,精英,21280217,11504994,84.97,1895173,1221842,382265
2332,186804,748279,575900,29.93,4449865,1.68,1.52,20.473,64.3111,3.56,2.79,2332,友訊,10632342,8548954,24.37,664405,365723,135040
2333,150807,-89978,429994,,6598761,-0.14,0.72,11.4055,61.118,1.51,0.58,2333,碧悠,4119385,4264536,-3.4,334020,523636,61744
2335,-77164,-139804,32546,,843779,-1.66,0.39,8.3434,36.6355,0.44,0.27,2335,清三,949453,1395127,-31.95,-91579,109710,-48225
2336,84976,17735,438771,-95.96,4079867,0.04,1.39,13.2109,54.1339,2.63,2.38,2336,致伸,8012033,7725334,3.71,64786,401163,-126992
2337,-830417,2467959,5644222,-56.27,33593426,0.73,2.28,13.8727,64.6736,3.23,2.02,2337,旺宏,17036277,20381408,-16.41,4620718,6337639,-1692759
2338,45347,424499,308435,37.63,3747846,1.13,1.05,13.1396,75.2113,2.03,1.7,2338,光罩,1988411,1456468,36.52,422047,268401,20265
2340,-16593,52885,556889,-90.5,4282761,0.12,1.64,14.1507,62.7049,2.03,1.18,2340,光磊,2280175,3418431,-33.3,-12410,609541,23663
2341,91058,-340969,576907,,3276851,-1.04,1.96,15.2624,44.9875,1.85,0.7,2341,英群,5890704,8413168,-29.98,-281528,573967,-129709
2342,5157694,-15098252,4489004,,32390394,-4.66,1.53,9.2614,47.5136,0.97,0.42,2342,茂矽,7553002,22254156,-66.06,-7642564,10802,-6309194
2343,436430,841091,854192,-1.53,6641215,1.27,1.7,20.1424,72.7176,2.91,2.19,2343,精業,7186506,6591536,9.03,405258,520928,510635
2344,-991592,-6543315,9348178,,44252490,-1.48,2.58,16.0186,73.5948,2.42,1.6,2344,華邦電,18179727,36838093,-50.65,-7167470,9827603,1627867
2345,265969,920865,490680,87.67,3710463,2.48,1.63,23.0501,57.1147,3,2.26,2345,智邦,13555037,8008018,69.27,1424973,252993,-319267
2346,2351059,1552257,2881062,-46.12,7321780,2.12,5.02,16.9575,41.4672,1.58,1.17,2346,源興,17803513,18649284,-4.54,-72883,524655,1630787
2347,520448,815323,1550253,-47.41,5820000,1.4,3.38,25.1044,66.3468,1.96,1.49,2347,聯強,32915519,35873251,-8.24,1017330,1401822,92378
2348,435309,-693207,140067,,4295114,-1.61,0.33,5.2421,28.2514,0.64,0.48,2348,力捷,4156199,5406023,-23.12,99493,-296742,-753687
2349,2943793,2557050,6604762,-61.28,16618423,1.54,5.28,37.4375,63.3164,2.24,1.78,2349,錸德,17033043,17846436,-4.56,1547552,3856459,1554575
2350,-36658,-364161,1132241,,6885000,-0.53,1.99,11.8575,46.9624,1.59,1.17,2350,環電,22163175,29116929,-23.88,1037538,1351588,-1452236
2351,-65714,-20953,63222,,1664307,-0.13,0.38,12.8906,55.2342,1.21,0.46,2351,順德,1300144,1688083,-22.98,40824,120608,-66429
2352,2147446,1062473,3523284,-69.84,13810879,0.77,3.25,19.2138,56.7136,1.5,1.08,2352,明電,35961618,36679335,-1.96,1237488,1122738,-182521
2353,341159,357825,884660,-59.55,2565780,1.39,4.25,21.2513,52.4578,1.9,1.48,2353,宏科,13528195,15749801,-14.11,248146,704661,175463
2354,31819,142029,314998,-54.91,1457000,0.97,2.16,13.6348,41.8836,1.45,1.34,2354,華升,14066684,17985758,-21.79,88611,295964,79453
2355,-12608,519063,326506,58.98,2323722,2.23,1.63,23.8829,73.9239,2.34,2.11,2355,敬鵬,3888979,4699240,-17.24,609148,361068,75890
2356,974166,2780691,2424717,14.68,16607000,1.67,1.76,13.844,65.005,2.22,1.96,2356,英業達,48442284,72197274,-32.9,804971,1999685,2494727
2357,1371911,11676776,10790041,8.22,19768800,5.91,6.89,30.8421,81.0171,3.99,3.37,2357,華碩,54290530,50428016,7.66,10256985,10037527,1783058
2358,-189798,-451122,-326857,38.02,2299200,-1.96,-0.85,3.6143,33.7669,0.52,0.15,2358,美格,2190568,6196330,-64.65,-170352,-145056,-280931
2359,255644,-79961,214802,,3761708,-0.21,0.71,15.2946,53.243,0.8,0.66,2359,所羅門,3351539,4295986,-21.98,31815,38648,-103005
2360,77355,308110,323733,-4.83,2343000,1.32,1.61,15.7955,67.395,2.17,1.6,2360,致茂,2164291,1859342,16.4,265800,268860,58574
2361,37710,-86614,-77235,12.14,2905106,-0.3,-0.27,8.1908,63.2551,1.72,1.3,2361,鴻友,2141437,2969425,-27.88,-163471,-114842,93673
2362,-190900,284588,-298169,,4336970,0.66,-0.69,12.4851,72.8399,1.38,0.67,2362,藍天,6284275,9441384,-33.44,342672,-259269,-75084
2363,939802,-436166,288776,,10714164,-0.41,0.3,16.9823,50.9267,1.44,0.91,2363,矽統,7274047,5529469,31.55,103093,-1307071,-539259
2364,-363494,-713931,-831140,-14.1,5284509,-1.35,-1.57,7.6353,55.3312,1.94,1.18,2364,倫飛,3623085,5932769,-38.93,-547237,-553042,-222075
2365,128741,226939,400793,-43.38,1787024,1.27,2.71,18.7058,71.3303,1.89,1.36,2365,昆盈,3746406,3747589,-0.03,266146,337626,42711
2366,-30072,293993,923,+++++,2915340,1.01,<<<<<,16.9693,52.7593,1.21,0.62,2366,亞旭,8572660,6602568,29.84,347617,-26286,-160401
2367,-460343,-192292,17492,,3621412,-0.53,0.05,15.6899,63.2653,0.74,0.56,2367,燿華,3359564,4846409,-30.68,97868,487635,-333051
2368,38434,-129779,469008,,3908700,-0.33,1.44,18.8024,64.6548,1.21,0.76,2368,金像,4417703,5453200,-18.99,-117996,375674,-54283
2369,4487,133076,202020,-34.13,2536000,0.52,0.88,16.0937,81.7965,2.4,1.82,2369,菱生,1566887,2378858,-34.13,-222100,226978,355450
2370,90487,-125633,531081,,2168600,-0.58,2.88,14.1893,81.9623,3.61,1.97,2370,匯僑工,1378878,2444984,-43.6,-124180,507896,-26028
2371,4287919,-4560055,4439105,,42100000,-1.08,1.11,10.6718,46.0533,1.02,0.6,2371,大同,50825758,59002836,-13.86,-1611386,207692,-2961883
2373,566383,-447612,775992,,6853948,-0.65,1.24,8.6423,42.2328,1.31,0.81,2373,震旦行,10961269,15900831,-31.06,-58254,252109,-389358
2374,178935,291613,215931,35.05,1985770,1.47,1.15,12.7444,63.8885,1.17,0.84,2374,佳能,1828702,1909725,-4.24,46540,53629,266770
2375,52437,122932,36817,233.9,1900910,0.65,0.19,14.5937,63.4703,2.64,2.15,2375,智寶,1315559,1351657,-2.67,41573,-26337,91572
2376,137636,2496561,1805027,38.31,4589363,5.44,5.04,32.0038,63.3734,3.62,2.94,2376,技嘉,19765793,17055116,15.89,2408310,1846027,299809
2377,160240,2509152,1318327,90.33,3765843,6.66,4.52,28.5525,50.7225,1.51,0.99,2377,微星,24380961,15913086,53.21,2252126,1361085,300998
2378,23299,29404,75747,-61.18,1487850,0.2,0.53,12.9531,63.2966,1.46,0.8,2378,鴻運電,1314462,1668960,-21.24,3585,61363,-1201
2379,65806,1569626,1279050,22.72,3492848,4.49,5.74,18.9619,70.8543,3.82,3.11,2379,瑞昱,4987741,4252241,17.3,1614369,1368477,117926
2380,-11738,553986,462866,19.69,1836319,3.02,3.67,18.7304,83.6107,3.29,2.39,2380,虹光,5049383,6540922,-22.8,558869,502348,53005
2381,-99397,556351,2095451,-73.45,11200000,0.5,2.18,15.4565,83.0832,4.51,2.67,2381,華宇,21303242,40881055,-47.89,578657,2344347,88063
2382,1085479,9114253,5480861,66.29,20825000,4.38,3.34,18.0544,56.9647,1.75,1.46,2382,廣達,83456831,60336195,38.32,7231231,4521903,1908879
2383,-2226,-33215,182083,,1670382,-0.2,1.26,11.8983,76.8576,2.19,1.23,2383,台光電,1164944,1496104,-22.13,61412,232151,-99758
2384,-120431,24417,485706,-94.97,3519575,0.07,1.85,19.5049,64.2002,1.87,0.7,2384,勝華,3891890,4878015,-20.22,53806,690137,-24743
2385,-35890,460212,-135822,,2222200,2.07,-0.61,10.7193,62.6458,1.98,0.82,2385,群光,3288071,3360123,-2.14,180547,324425,271508
2386,-26483,1261192,667822,88.85,2343065,5.38,3.83,28.3466,63.6095,1.96,1.49,2386,國碁,12952200,9011589,43.73,1011531,730606,274795
2387,473,47710,90771,-47.44,985600,0.48,1.01,13.1837,75.0866,2.02,1.46,2387,精元,1101464,1431311,-23.05,64135,114424,8326
2388,-1651010,4199935,5122391,-18.01,9468000,4.44,8.88,26.106,67.7995,2.78,2.1,2388,威盛,26037287,22813018,14.13,5948311,6900802,-1567820
2389,260772,158500,357340,-55.64,2267525,0.7,2.04,17.9863,68.4223,1.01,0.78,2389,世昕,1430869,1052248,35.98,149668,123112,15412
2390,767891,232979,897057,-74.03,2635000,0.88,4.14,14.704,77.6821,0.68,0.42,2390,云辰,1563898,1551247,0.82,82971,235166,144608
2391,-48303,352616,244702,44.1,2304784,1.53,0.89,20.3269,90.6627,5.47,4.44,2391,合勤,2790823,2496292,11.8,362526,282730,52101
2392,10904,311689,257946,20.83,1435000,2.17,2.2,27.2979,57.5592,1.33,0.77,2392,正崴,4102126,3031945,35.3,395160,308483,8932
2393,63732,54148,195886,-72.36,1878933,0.29,1.16,18.3743,69.4154,2.34,1.58,2393,億光,1919745,2049997,-6.35,103757,166271,-56664
2394,223347,890346,603163,47.61,3494697,2.55,2.12,18.3097,49.889,2.57,1.89,2394,普立爾,7938261,7127764,11.37,681221,491406,368862
2395,-50674,852848,663642,28.51,2332000,3.66,3.8,16.7791,63.27,3.28,2.65,2395,研華,4054401,3876321,4.59,988013,884316,106835
2396,-72855,633999,772808,-17.96,3974113,1.6,2.61,26.7742,58.5362,0.95,0.75,2396,精碟,4830284,4084622,18.26,697628,709518,-167731
2397,44598,264556,183070,44.51,1150000,2.3,1.87,24.0702,73.1765,3.37,2.57,2397,友通,3359041,3348366,0.32,184698,156142,127988
2398,-136152,668453,484209,38.05,2663690,2.51,2.93,36.6301,54.3334,3.25,2.69,2398,博達,6019937,4831972,24.59,932214,649154,-293325
2399,-4362,-296595,-130109,127.96,860000,-3.45,-1.51,11.5979,41.199,1.32,0.93,2399,映泰,2677378,3244023,-17.47,-150126,-128581,-146469
2401,180224,1726966,1495687,15.46,5340000,3.23,4.04,21.2566,90.938,8.18,7.25,2401,凌陽,4964517,4581221,8.37,1418098,1341248,277942
2402,92480,165823,216971,-23.57,1180000,1.41,2.46,17.5574,65.0855,3.26,2.74,2402,毅嘉,717978,789769,-9.09,102842,192491,110981
2403,-31469,62817,471452,-86.68,1270000,0.49,4.53,24.3187,53.1427,1.59,0.91,2403,友尚,7058031,9005279,-21.62,233711,659143,-130319
2404,-4400,202908,273337,-25.77,1636755,1.24,1.88,13.7791,58.3725,1.72,0.78,2404,漢唐,2502618,3543982,-29.38,243953,351187,15955
2405,-30538,-133613,52228,,1368500,-0.98,0.38,14.8648,63.9654,3.25,2.7,2405,浩鑫,2661299,3345798,-20.46,-2662,91311,-141076
2406,-47262,-459046,314220,,2520076,-1.82,1.37,17.5596,71.5455,1.94,1.56,2406,國碩,1157587,1397507,-17.17,-414670,289482,-89376
2407,-16207,619949,359841,72.28,2685286,2.31,1.87,17.9628,46.0703,1.22,0.84,2407,陞技,5437916,5509015,-1.29,575213,418253,104422
2408,-297222,-7595476,3120716,,27500000,-2.76,1.39,12.7697,46.3001,1.05,0.41,2408,南科,8107801,11353901,-28.59,-6658217,2370712,-1829704
2409,936075,-5481266,3170852,,29705816,-1.85,1.33,15.2058,49.0977,1.18,0.49,2409,友達,22581847,18157442,24.37,-4706081,1478576,-809631
2410,55,-362729,38046,,1235000,-2.94,0.31,10.1212,66.544,1.41,0.5,2410,普大,1916012,2842316,-32.59,-17432,95530,-338046
2411,230812,686086,746480,-8.09,4696000,1.46,1.71,13.5517,86.2815,3.67,3.33,2411,飛瑞,2806133,3161011,-11.23,469011,637937,311534
2412,-188716,28482355,30747294,-7.37,96477249,2.95,3.19,38.3672,81.5577,1.26,0.73,2412,中華電,138576478,139014016,-0.31,37447783,41220004,-6133
2413,60680,202514,205278,-1.35,1205865,1.68,2.19,23.7346,69.6297,4.5,3.01,2413,環科,1431764,1576368,-9.17,161738,227859,84596
2414,-5836,54635,97629,-44.04,1017021,0.54,1.16,15.8384,58.2698,1.8,1.37,2414,精技,4842902,4182354,15.79,56200,117338,-7103
2415,60445,113483,103761,9.37,763559,1.49,1.43,17.018,72.2729,6.12,5.66,2415,錩新,631855,665049,-4.99,85683,74096,66767
2416,176973,148723,642171,-76.84,2115000,0.7,3.87,23.5037,41.9273,1.69,1.13,2416,世平,15467885,10707855,44.45,443858,633537,-242777
2417,3658,60085,99251,-39.46,994309,0.6,1.16,15.409,82.7915,2.81,1.99,2417,圓剛,583134,683957,-14.74,29594,127656,23581
2418,44050,682736,434358,57.18,2950118,2.31,2.16,18.4267,51.5609,1.36,0.73,2418,雅新,5531321,4211162,31.35,775335,461634,38620
2419,-336492,32037,-186456,,1096259,0.29,-1.95,15.0204,39.3276,1.75,1.24,2419,仲琦,2153013,1638827,31.38,138368,168541,-93622
2420,15622,55601,59309,-6.25,924866,0.6,0.67,14.1891,71.6531,1.75,0.93,2420,新巨,1032367,1062346,-2.82,55497,52154,9990
2421,41117,147720,110194,34.05,1605413,0.92,0.91,14.5782,74.2877,2.75,1.55,2421,建準,2023829,2017078,0.33,175109,98335,11185
2422,86342,-177162,281708,,2831895,-0.63,1.11,13.1281,61.9608,1.82,0.82,2422,國聯,1115932,1259358,-11.39,-175276,178822,-28897
2423,13798,100464,79888,25.76,767881,1.31,1.16,13.6629,76.4416,2.07,1.21,2423,固緯,774248,726134,6.63,59978,68774,41586
2424,-20633,45420,80649,-43.68,887224,0.51,1.01,10.4819,67.379,1.6,1.03,2424,隴華,869734,1487603,-41.53,46108,103286,1452
2425,8249,132411,124699,6.18,1171878,1.13,1.21,14.9996,45.1666,1.59,0.94,2425,承啟,4366687,4000577,9.15,104591,125206,37683
2426,6433,25651,97397,-73.66,1154297,0.22,0.99,11.3631,45.9767,1.77,0.81,2426,鼎元,976407,1101037,-11.32,37881,101630,-29292
2427,72419,188887,233812,-19.21,1572274,1.2,1.88,18.5159,61.4983,1.9,0.91,2427,三商電,3119357,2188407,42.54,239284,217161,932
2428,10539,79084,45106,75.33,757079,1.04,0.65,14.4239,89.2914,4.46,3.12,2428,興勤,433769,322075,34.68,104600,44207,2384
2429,-101916,-43936,49600,,827385,-0.53,0.6,13.0374,50.2633,1.23,0.85,2429,永兆,764825,1121816,-31.82,26938,167191,-97031
2430,415526,548517,325132,68.71,2122900,2.58,1.84,20.9672,47.2052,1.2,0.66,2430,燦坤,7236808,5618370,28.81,233605,13050,458218
2431,57324,29705,67020,-55.68,1052524,0.28,0.7,15.0208,72.5734,2.3,1.68,2431,聯昌,1425835,1780045,-19.9,61541,20097,-29879
2432,-55374,11529,260938,-95.58,1498000,0.08,2.04,18.0239,86.6088,1.69,1.11,2432,倚天,728473,1740220,-58.14,137133,392928,-96582
2433,691924,-331053,636562,,1805502,-1.83,4.2,9.8304,58.158,0.84,0.56,2433,互盛電,1295932,1588421,-18.41,21543,-52997,-331196
2434,-6996,24727,118819,-79.19,771511,0.32,1.83,10.9586,71.8659,2.78,0.92,2434,統懋,389308,550286,-29.25,53154,150745,-17612
2435,-7399,-232515,178611,,1678800,-1.38,1.18,9.9625,35.0014,0.8,0.49,2435,台路,2001571,2442673,-18.06,-149561,133986,-83496
2436,320311,147528,561876,-73.74,1614000,0.91,4.64,13.9918,91.5545,7.77,6.92,2436,偉詮電,909443,1007370,-9.72,190210,236830,-40890
2437,64680,242515,308192,-21.31,1255450,1.93,3.9,26.0137,91.5627,11.85,10.25,2437,旺詮,823700,844433,-2.46,266492,307344,40726
2438,44165,-157150,190302,,2406325,-0.65,0.87,14.8913,52.3449,2.18,1.02,2438,英誌,4126767,4144750,-0.43,63918,166261,-222918
2439,158752,148005,220740,-32.95,957801,1.55,3.17,19.207,77.6814,3.02,2.68,2439,美律,548377,799642,-31.42,82884,94712,101855
2440,-13799,88196,114872,-23.22,1500000,0.59,1.07,13.1937,51.1022,1.35,0.67,2440,太空梭,1891394,1892343,-0.05,171378,156488,-77115
2441,-63796,172424,396896,-56.56,2236722,0.77,2.15,14.3822,59.0867,1.64,1.39,2441,超豐,2386142,2804553,-14.92,236733,524371,-68117
2442,-43050,-109402,177951,,1524600,-0.72,1.23,15.5869,42.1797,1.12,1.08,2442,美齊,7371750,11073638,-33.43,135579,278576,-202106
2443,-58306,-74184,136470,,3082618,-0.24,0.49,13.9672,61.581,0.84,0.55,2443,利碟,2472374,2021691,22.29,-168118,108606,98594
2444,25273,274925,232507,18.24,940000,2.92,3.17,18.8993,72.7804,2.4,1.38,2444,友旺,2282997,2245323,1.68,312466,264234,19959
2445,7883,-50984,35324,,753450,-0.68,0.51,10.5809,59.9868,1.62,0.48,2445,南方,723696,584036,23.91,-51606,23077,-9514
2446,-17730,18738,310655,-93.97,3868925,0.05,1.11,14.0126,81.7055,1.83,1.42,2446,全懋,1446544,1706445,-15.23,54551,327284,-15586
2447,-10249,143442,203937,-29.66,647000,2.22,4.62,13.5047,40.4141,1.45,1.3,2447,鼎新,1757569,1152227,52.54,150331,229190,6044
2448,-7967,-26815,13339,,841500,-0.32,0.17,17.8933,59.2642,1.52,0.42,2448,晶元,413088,488678,-15.47,-79202,2127,53286
2449,-48040,-388589,687068,,4366722,-0.89,2.61,20.1158,46.1814,0.27,0.23,2449,京元電,3009380,2715837,10.81,-355500,771671,-247413
2450,-15999,395323,64796,510.1,1615852,2.45,0.49,12.8535,54.1846,2.08,1.21,2450,神腦,9412567,8309196,13.28,638457,110069,-99076
2451,-22554,342412,508824,-32.71,1665120,2.06,3.84,14.819,83.3599,4.3,3.11,2451,創見,3512254,4191949,-16.21,413071,686218,11631
2452,15154,200669,239498,-16.21,967000,2.08,2.92,18.157,89.9622,5,3.15,2452,乾坤,877511,904755,-3.01,157772,199415,58077
2453,16174,69559,73575,-5.46,884520,0.79,0.97,17.6584,63.2706,2.26,1.33,2453,凌群,1731487,1908818,-9.29,45003,86522,2537
2454,118151,4005073,2680847,49.4,3160056,12.67,12.36,32.7241,72.8589,2.85,2.7,2454,聯發科,9345781,9468551,-1.3,3511816,2705839,687257
2456,74618,195402,142685,36.95,903000,2.16,1.69,13.0916,74.8867,1.51,0.84,2456,奇力新,716916,747758,-4.12,97535,101321,87901
2457,484883,454404,431552,5.3,1960500,2.32,2.81,17.9774,46.1098,1.3,0.9,2457,飛宏,4620327,4620388,0,392993,72946,184020
2458,-6299,644127,729979,-11.76,2950383,2.18,3.31,13.6922,88.1239,2.75,1.66,2458,義隆,2822915,2787378,1.27,703875,764845,-90367
2459,144387,207838,218257,-4.77,768000,2.71,3.6,18.9914,70.2185,1.59,1.34,2459,敦吉,1978001,1586333,24.69,133256,142183,135597
2460,-23349,25904,48448,-46.53,528110,0.49,1.22,13.543,49.1589,1.44,0.89,2460,建通,730920,747299,-2.19,40501,87835,-6735
2461,52946,184146,182190,1.07,933000,1.97,2.15,17.0656,73.2311,3.33,2.76,2461,光群雷,725446,671783,7.99,99119,136244,80047
2462,19511,20246,46376,-56.34,557471,0.36,0.88,12.4213,77.9451,3.96,3.54,2462,良得電,713006,884287,-19.37,14026,43033,15157
2463,35041,54846,95809,-42.75,556550,0.99,2.27,14.8283,77.5367,2.37,1.23,2463,研揚,671405,698831,-3.92,48895,68855,3070
2464,12020,82580,75792,8.96,699540,1.18,1.22,11.9414,62.1136,2.5,1.45,2464,盟立,1526362,1190735,28.19,93470,83532,23631
2465,-34399,176703,88785,99.02,849831,2.08,1.27,18.0986,54.216,4.39,2.28,2465,麗臺,3563421,2906013,22.62,197894,128176,-8686
2466,-16432,5289,56710,-90.67,537802,0.1,1.54,13.1963,54.2359,1.29,0.39,2466,冠西電,445326,461113,-3.42,29386,72953,-22600
2467,24521,116480,113253,2.85,602800,1.93,2.43,17.9282,76.8639,3.05,1.46,2467,志聖,768674,792897,-3.05,44974,109710,60535
2468,-16764,25978,88400,-70.61,587500,0.44,1.74,13.4545,50.6876,2.4,1.91,2468,華經,1502756,1951720,-23,34219,132645,2421
2469,82953,128770,114523,12.44,881786,1.46,1.72,13.8679,55.4889,3.96,3.16,2469,力信,956968,780160,22.66,25876,65029,134436
2470,12694,81446,153664,-47,1213000,0.67,2.21,16.3306,37.1401,2.14,1.2,2470,品佳,5706942,4204559,35.73,211535,186013,-112906
2471,5826,9558,44922,-78.72,506418,0.19,1.04,17.7994,83.6006,5.64,5,2471,資通,427132,461557,-7.46,-7979,48644,12825
2472,23042,198837,135507,46.74,907500,2.19,2.34,21.2335,66.1029,1.93,1.44,2472,立隆電,1516614,1248133,21.51,223605,142199,31006
2473,40129,232044,135468,71.29,650000,3.57,2.89,27.3643,87.6251,4.73,4.56,2473,思源,344652,222719,54.75,182896,115599,53148
2474,-59125,235232,195628,20.24,1020496,2.31,2.32,26.4652,89.1489,5.44,4.73,2474,可成,725689,908102,-20.09,199153,295326,35807
2475,3724941,-3801638,7012816,,43734000,-0.87,1.86,10.6906,49.4544,0.9,0.7,2475,華映,22495814,33552180,-32.95,-2894921,4487289,-570276
2476,288875,172895,369232,-53.17,1140000,1.52,4.49,17.556,62.4809,17.44,16.51,2476,鉅祥,636437,838189,-24.07,57411,131904,143740
2477,240505,297193,357708,-16.92,1019000,2.92,4.79,18.9975,75.5811,2.32,2.03,2477,美隆電,932227,1216903,-23.39,219801,251927,176229
2478,67963,191797,326929,-41.33,936660,2.05,5.22,27.8036,89.5092,7.62,2.97,2478,大毅,580666,893310,-35,120344,360725,78959
2479,-38212,177172,89530,97.89,1231000,1.44,0.99,19.346,57.1713,1.5,1.13,2479,和立,1508715,813225,85.52,84175,137242,81407
2480,5914,699953,499120,40.24,1317478,5.31,5.97,16.8408,46.0777,1.82,1.12,2480,敦陽科,4261822,3292703,29.43,870211,659068,38044
2481,-34851,126536,265532,-52.35,984683,1.28,3.55,19.9017,48.083,2.01,1.11,2481,強茂,1231483,1602041,-23.13,164812,355425,-31688
2482,-4705,58948,36058,63.48,467000,1.26,0.86,12.9747,81.3172,3.97,2.3,2482,連宇,455960,451417,1.01,50495,48225,22400
2483,36884,117241,132312,-11.39,789539,1.48,2.24,18.656,95.2387,10.55,8.64,2483,百容,396942,487770,-18.62,85249,119700,47125
2484,24603,58489,90854,-35.62,694000,0.84,1.7,22.5971,75.5502,2.55,1.86,2484,希華,492803,559899,-11.98,69648,95246,-5549
2485,11562,109405,258842,-57.73,1356582,0.81,2.65,16.264,83.2257,2.67,1.85,2485,兆赫,1507352,2152058,-29.96,155956,304480,-27032
2486,-16870,-3407,45164,,628205,-0.05,0.97,12.3262,51.8712,0.75,0.48,2486,一詮,466386,609056,-23.42,32606,65592,-30192
2487,69019,-55176,118493,,782884,-0.7,1.85,24.7885,93.6775,12.28,11.63,2487,友立資,373459,390207,-4.29,-11192,56686,-36656
2488,30562,222494,177641,25.25,846000,2.63,2.54,17.8843,60.615,1.29,0.72,2488,漢平,1473968,1507299,-2.21,216760,198240,73857
2489,58466,484607,331582,46.15,1996235,2.43,2.04,21.4424,55.4055,2.82,2.41,2489,瑞軒,6693396,7134097,-6.18,270212,280573,187690
2490,25718,66395,100109,-33.68,998878,0.66,1.17,27.5797,62.4214,1.47,0.73,2490,皇統,1128411,1133745,-0.47,76374,89108,6207
2491,71954,-729742,762519,,2533452,-2.88,4.68,35.5547,64.064,0.54,0.42,2491,訊碟,1498152,2361222,-36.55,-117695,642205,-737127
2492,48952,-170900,1037497,,2629785,-0.65,7.36,26.8394,71.0674,1.91,1.28,2492,華新科,2911728,4188090,-30.48,-86779,1073337,-188121
25,-5706137,-7669436,-5469877,-40.21,180014535,-0.43,-0.3,10.7692,43.46,1.5,0.16,25,營造建材類,82402084,82730890,-0.4,-1576495,895246,-5912693
2501,13653,47451,835897,-94.32,16198232,0.03,0.5,12.2417,91.2735,15.85,2.91,2501,國建,2398450,6081972,-60.56,-179167,923613,243945
2504,-465441,467853,-332305,,11137800,0.42,-0.29,11.51,55.807,1.42,0.57,2504,國產,5691929,6527439,-12.8,-70481,149661,574235
2505,-156319,139156,-242296,,5833487,0.24,-0.42,5.4818,29.661,1.35,0.02,2505,國揚,2035463,1506626,35.1,-22751,-91035,139374
2506,-201854,131915,72270,82.53,12896569,0.1,0.06,12.0098,33.55,1.3,0.18,2506,太設,6856603,5454216,25.71,69838,274124,78077
2509,25239,-4213,105853,,1977525,-0.02,0.52,11.7018,43.1493,1.44,0.14,2509,全坤興,472519,526629,-10.27,87407,80788,-91333
2511,-553779,-206402,-628060,-67.14,9216426,-0.22,-0.68,10.6835,48.1208,1.56,0.07,2511,太子,3097490,2036442,52.1,-42204,-4758,-189122
2512,177139,-899646,13201,,8549887,-1.05,0.02,6.2128,55.4468,2.24,0.11,2512,寶建,5591326,3941091,41.87,-52173,-163938,-817115
2513,-823348,808832,-982026,,7830435,1.03,-1.25,11.1611,36.5159,1.12,0.09,2513,潤建,4357729,3543350,22.98,-280738,-206206,1102164
2514,299168,-188407,44062,,5807177,-0.32,0.08,11.948,67.2923,0.94,0.23,2514,龍邦,814317,1734746,-53.06,-309823,-208786,79248
2516,191274,-382024,85101,,3547450,-1.08,0.24,9.8424,44.2097,1.52,0.36,2516,新建,3884947,3283273,18.33,-299090,-109726,-75892
2517,88036,-1392847,-193746,618.9,6634423,-2.1,-0.29,8.1539,34.2316,1.11,0.01,2517,長谷,767784,1729332,-55.6,-430128,-337331,-962070
2518,-703384,-2266250,-1229349,84.35,12410065,-1.83,-0.99,7.939,28.6627,1.14,0.03,2518,長億,1433281,2434088,-41.12,-544905,-524472,-1723524
2520,53751,267749,799306,-66.5,5043767,0.53,1.56,13.8628,44.4999,1.54,0.06,2520,冠德,3508810,5904446,-40.57,219143,860309,76903
2521,-1293346,-544712,-1853036,-70.6,4388434,-1.24,-4.22,6.3043,28.9349,1.29,0,2521,宏總,63534,214176,-70.34,-78404,-559026,-466308
2523,-35191,360643,378016,-4.6,4359000,0.83,0.87,12.9034,54.4532,1.81,0.67,2523,德寶,7218567,7215550,0.04,486100,546905,9499
2524,-108914,-185674,-196308,-5.42,1486626,-1.25,-1.32,6.7276,22.5533,1.22,0.03,2524,京城,1165303,588988,97.85,-106826,-69685,-97081
2525,-638816,-538134,-1080648,-50.2,7766720,-0.69,-1.39,6.9734,52.5275,1.46,0.02,2525,寶祥,42780,90083,-52.51,-58414,-366235,-479720
2526,-110157,337552,-170234,,8035913,0.42,-0.22,16.994,42.8939,1.21,0.29,2526,大陸,7576830,6317063,19.94,376785,-1268,-39240
2527,-243112,-873665,-380726,129.47,5138737,-1.7,-0.74,10.2954,52.0294,1.25,0.01,2527,宏璟,245451,134845,82.02,-199806,-132575,-680973
2528,-373955,-435979,-453229,-3.81,2457907,-1.77,-1.84,7.1958,28.0016,1.28,0.06,2528,皇普,3149858,1274995,147.05,-103549,-79274,-330188
2530,-654,-395976,-13751,+++++,4202286,-0.94,-0.03,15.1146,37.2365,1.42,0.01,2530,華建,3972268,1085813,265.83,192187,-41549,-586031
2531,-217442,-513888,-239407,114.65,1252685,-4.1,-0.96,5.7279,13.6175,1.12,0.03,2531,三采,665627,709125,-6.13,-129872,-21797,-376443
2533,-60169,-444165,-160560,176.63,1589513,-2.79,-1.01,7.1466,29.8903,1.22,0.05,2533,昱成,443394,276416,60.41,-224206,-97808,-219029
2534,-201464,74368,-93419,,5561591,0.13,-0.18,16.4485,39.3615,2.22,0.04,2534,宏盛,1854305,1864796,-0.56,99364,153672,-20083
2535,174848,-12048,138135,,2705151,-0.04,0.48,11.3757,52.5577,1.29,0.63,2535,達欣工,3044146,3022093,0.73,54243,-77503,-41274
2536,68855,-206536,222654,,3179559,-0.65,0.7,18.6591,77.1946,3.86,0.35,2536,宏普,865609,1546874,-44.04,-35681,162299,-215859
2537,-9666,-345125,-208137,65.82,3211567,-1.07,-0.65,5.0792,42.1646,1.6,0.14,2537,春池,666252,253943,162.36,-158866,-198019,-186246
2538,-58531,14521,22314,-34.92,3134339,0.05,0.07,12.3849,34.0905,1.23,0.02,2538,基泰,367281,727473,-49.51,15155,75214,-114
2539,-115281,-112160,-133682,-16.1,1104857,-1.02,-0.6,5.0066,21.3776,1.09,0.14,2539,櫻建,590512,818021,-27.81,-8354,-5676,-103806
2540,-337858,-430572,-690262,-37.62,3800000,-1.13,-1.79,11.366,38.9776,8.58,0.3,2540,林三號,339499,453607,-25.16,-71529,-332401,-359018
2542,-12153,-212620,205033,,2640112,-0.81,0.82,11.4636,43.6787,1.76,0.12,2542,宏巨,1525818,2023164,-24.58,-172275,256142,-37991
2543,-83747,28388,51432,-44.8,867371,0.33,0.59,11.5365,29.867,1.07,0.29,2543,皇昌,1904078,2081133,-8.51,113770,137741,-72117
2544,38665,243471,382154,-36.29,1990790,1.22,2.23,13.089,64.2383,1.62,0.5,2544,昌益,2400042,2668636,-10.06,215839,403567,6661
2545,-2986,-52550,143972,,1317071,-0.4,1.08,12.1626,55.796,1.78,0.07,2545,皇翔,297645,1205269,-75.3,-46878,140433,-6272
2546,12657,42269,57172,-26.07,671063,0.63,0.84,11.2764,36.8277,1.27,0.77,2546,根基,2699639,2479474,8.88,48857,63259,14998
2547,-41855,9989,254732,-96.08,2070000,0.05,1.48,11.4315,34.1239,1.25,0.02,2547,日勝生,392998,975703,-59.72,70937,296587,-60948
26,222162,-75467,503668,,11913392,-0.06,0.42,12.3069,60.8109,1.19,0.88,26,運輸類,8552573,9203069,-7.07,188667,470144,-183512
2607,-42716,-67826,8479,,1452773,-0.47,0.06,11.5433,87.0078,4.71,4.58,2607,榮運,1303702,1653473,-21.15,50470,82570,-101489
2608,145043,-149459,298541,,5202274,-0.29,0.57,11.7118,58.5769,1,0.94,2608,大榮,3035087,3288609,-7.71,45230,282256,-158202
2611,107577,1973,122957,-98.4,1649653,0.01,0.7,12.5518,78.5693,2.41,0.45,2611,志信,788509,874936,-9.88,19,24258,9002
2612,149743,185665,175669,5.69,2018682,0.92,0.87,13.3721,81.4626,0.94,0.85,2612,偉運,963811,1088976,-11.49,36585,46340,162735
2613,-115783,-78067,-151316,-48.41,890010,-0.88,-1.7,13.0995,28.1289,0.35,0.31,2613,中櫃,908750,785223,15.73,-34944,-57942,-53669
2616,-21702,32247,49338,-34.64,700000,0.46,0.7,13.6579,56.6456,0.81,0.75,2616,山隆,1552714,1511852,2.7,91307,92662,-41889
27,441876,392873,1007401,-61,14619767,0.27,0.71,15.5555,66.8834,0.84,0.67,27,觀光類,5563030,5493473,1.27,666603,796989,-76143
2701,246518,140555,304992,-53.92,2171710,0.65,1.56,15.5067,75.5815,3.61,3.58,2701,萬企,202755,215248,-5.8,102784,99467,76543
2702,-4019,-13411,-6011,123.11,637871,-0.21,-0.09,11.6345,55.2757,0.24,0.21,2702,華園,89701,118046,-24.01,-17202,-1221,3409
2704,-32445,-299291,-64741,362.29,3583125,-0.84,-0.18,16.3569,55.7828,0.25,0.09,2704,國賓,1415265,1078432,31.23,-69444,-28595,-234153
2705,-11017,-93598,-46377,101.82,2646000,-0.35,-0.18,18.5104,60.1721,0.64,0.26,2705,六福,1874641,1964660,-4.58,-99803,-50508,-24860
2706,119170,156081,190268,-17.97,1268561,1.23,1.66,23.7837,74.9486,4.08,4.01,2706,第一店,193403,180535,7.13,130947,121725,72602
2707,123669,502537,629270,-20.14,4312500,1.17,1.46,11.2607,87.7833,3.82,3.68,2707,晶華,1787265,1936552,-7.71,619321,656121,30316
28,-4567037,44661240,72750740,-38.61,908677221,0.49,0.83,14.8102,8.8253,2.97,2.93,28,金融保險類,1185191854,1157671686,2.38,57680463,92299989,-3720094
2801,-1205960,1445295,1562585,-7.51,35356134,0.41,0.46,21.793,6.6268,1.55,1.54,2801,彰銀,47795304,51178613,-6.61,3185177,3804368,-1259544
2802,-1288420,2739742,4433349,-38.2,38216000,0.72,1.22,21.9075,6.6243,3.01,2.98,2802,一銀,55779337,61960488,-9.98,4121488,6334136,-1177609
2803,-1179940,2971847,3866308,-23.13,37091000,0.8,1.1,21.2072,6.4318,2.53,2.51,2803,華銀,53585247,55118822,-2.78,4083134,5688334,-581149
2804,99813,10836621,11721579,-7.55,64383210,1.68,1.79,19.4403,63.6437,1.95,1.95,2804,開發,17307632,17931250,-3.48,10927991,11729584,-31370
2805,77560,-2016937,9806200,,58986158,-0.34,1.82,11.906,6.3887,74.53,72.3,2805,國壽,266370838,253521860,5.07,707285,12021344,148703
2806,-21163,4912106,4296968,14.32,36512000,1.35,1.3,16.6982,6.5999,1.4,1.39,2806,中銀,41327566,38648093,6.93,5247835,5617782,41104
2807,95755,5236,90803,-94.23,12665348,<<<<<,0.07,13.1086,5.8118,10.05,10.04,2807,竹商銀,13068059,13823035,-5.46,-125803,86658,152988
2808,196158,1863473,1642911,13.43,18038103,1.03,0.95,15.7617,9.0847,7.46,7.4,2808,北商銀,14747205,14856996,-0.74,2077481,1897969,172433
2809,55577,168895,6058,+++++,7243343,0.23,<<<<<,11.3952,6.434,8.24,8.16,2809,南企,5961952,6518013,-8.53,141547,32032,56088
2810,18728,-672516,-973770,-30.94,500000,-13.45,-2.1,4.2487,0.2522,9.36,9.22,2810,高企,4032848,4170862,-3.31,-554212,-897488,1915
2811,60783,-986993,-766382,28.79,6683162,-1.48,-1.15,7.1278,10.8063,17.42,17.24,2811,東企,1749132,1946714,-10.15,-1031554,-827165,44561
2812,15251,319215,-14056,,15380144,0.21,(<<<<<),11.1902,8.0071,7.9,7.9,2812,中商銀,9602296,9808649,-2.1,420252,12862,18963
2813,-67486,1565809,1480138,5.79,18090000,0.87,0.82,11.6461,78.9001,3.88,3.87,2813,國票,5239965,3703485,41.49,1777071,1657375,-42269
2814,105498,2712120,2428975,11.66,28114411,0.96,0.86,12.2121,72.1628,2.81,2.61,2814,興票,6569525,4296943,52.89,3194747,2946865,136907
2815,326809,5563733,6323981,-12.02,48554268,1.15,1.51,15.0763,9.1981,2.35,2.33,2815,中信銀,58788676,51627622,13.87,6290313,7327367,155928
2816,33551,125958,273886,-54.01,4035414,0.31,0.73,12.7696,41.5503,1.73,1.73,2816,友聯,8549214,6569576,30.13,47736,271575,115644
2817,394292,1111114,2309567,-51.89,20747765,0.54,1.31,18.5078,50.7496,2.93,2.91,2817,富邦保,33230620,29888322,11.18,2157665,2175275,-696551
2818,-971744,2940639,11714,+++++,22136112,1.33,<<<<<,12.7942,5.5571,39.14,39.11,2818,新壽,128891902,116999532,10.16,1542809,1342210,571312
2819,-5355,118561,463119,-74.4,4368977,0.27,1.06,14.655,35.4696,2.3,2.27,2819,中產,8738994,7315571,19.46,163422,542657,37913
2820,21001,-6523553,1257337,,16787000,-3.89,0.73,7.7593,66.5336,3.21,3.05,2820,華票,4547640,2916550,55.93,-6194992,1426587,47780
2821,510861,494871,2112689,-76.58,14700000,0.34,1.67,14.5119,53.0896,1.64,1.61,2821,復華,2656606,8068528,-67.07,279146,2259267,348436
2822,-277443,430797,815455,-47.17,12474000,0.35,0.65,20.1161,4.6578,3.4,3.06,2822,農銀,22040917,24927914,-11.58,912117,1503195,-173251
2823,17404,-599667,-980573,-38.85,6289880,-0.95,-1.56,9.8286,6.792,45.08,44.51,2823,中壽,15005090,13316789,12.68,-638237,-988719,40623
2824,339900,3510794,4656797,-24.61,27148878,1.29,1.91,19.6946,9.5773,2.21,2.2,2824,交銀,27300387,28607877,-4.57,3723004,4553194,115218
2825,-171103,173763,-118686,,3344500,0.52,-0.37,13.0568,29.4865,1.66,1.66,2825,中央保,7390767,7877244,-6.18,-108289,58315,291121
2826,10546,4631201,6266614,-26.1,37716644,1.23,1.83,17.0692,9.8172,3.29,3.27,2826,世華銀,31999024,32794543,-2.43,5769797,7649068,-163096
2827,36097,-646531,-145727,343.66,16076305,-0.4,-0.09,8.661,12.9577,2.62,2.19,2827,中聯,4671509,6389035,-26.88,-530984,-271248,-213978
2828,36019,-3167837,1157047,,16043332,-1.97,0.72,9.1764,7.4821,5.48,5.46,2828,萬通銀,9499453,10707705,-11.28,-4086763,1322412,13364
2829,92590,369201,1578090,-76.6,15703730,0.24,1,10.6603,8.0722,2.49,2.46,2829,大安銀,10599505,10639936,-0.38,441283,1732602,47611
2830,-576069,2786033,2647337,5.24,22306729,1.25,1.32,20.4782,7.5543,4.48,4.48,2830,台北銀,25848178,26520723,-2.54,3989077,3949749,-598898
2831,33487,690397,1224885,-43.64,15171392,0.46,0.81,11.1219,7.6503,3.44,3.42,2831,中華銀,10404204,11009608,-5.5,860348,1617897,16120
2832,-90859,96930,98328,-1.42,2431809,0.4,0.63,14.3333,32.9486,2.6,2.6,2832,台灣保,6026961,5753756,4.75,238038,291180,-72727
2833,-61545,687526,863889,-20.42,3220672,2.13,2.94,15.8999,6.7327,33.74,33.71,2833,台壽,22987899,22097357,4.03,741228,964448,-55548
2834,-897501,251096,2551279,-90.16,31809070,0.08,0.87,16.496,5.5843,3.38,3.36,2834,臺企銀,38341499,39123568,-2,962857,4162330,-925792
2835,20937,786343,-497367,,12346083,0.64,-0.4,9.3518,7.8085,5.4,5.39,2835,匯通銀,7714280,6758607,14.14,789865,-546468,68825
2836,25296,630300,503247,25.25,4486843,1.4,1.12,22.818,4.9673,1.12,1.12,2836,高雄銀,9223002,8787809,4.95,837494,546987,27235
2837,-9130,675070,358381,88.37,14009277,0.48,0.26,9.7617,7.1404,4.06,4.05,2837,萬泰銀,10432474,10295947,1.33,1041099,629152,-212634
2838,8714,608418,913429,-33.39,14889264,0.41,0.61,11.4574,9.035,4,3.94,2838,聯邦銀,10662820,11491810,-7.21,866881,1178726,27113
2839,36931,1628819,1695756,-3.95,19443976,0.84,0.96,11.9972,8.662,2.5,2.5,2839,華信銀,12733700,12206697,4.32,1817519,2108881,185622
2840,-24599,1821498,1372346,32.73,18175000,1,0.81,12.5971,8.6898,4.87,4.86,2840,玉山銀,13319556,11892960,12,1980496,1710690,11407
2841,-130591,155534,-2931627,,3000000,0.52,-9.77,6.317,2.9819,1.25,1.16,2841,台開,3032189,3213098,-5.63,222802,-2786785,-65837
2842,21260,2365130,1848909,27.92,21857367,1.08,1.07,13.0149,10.8827,7.44,7.43,2842,富邦銀,15874260,13518643,17.42,2301327,2060316,-18313
2843,3456,590896,789043,-25.11,12115136,0.49,0.65,10.6784,8.2133,7.32,7.24,2843,亞太銀,7587718,8166701,-7.09,714275,934754,4826
2844,172570,1202935,1830430,-34.28,24886440,0.48,0.77,11.2731,9.8926,3.16,3.12,2844,台新銀,19302263,17860787,8.07,849511,2201574,294245
2845,21754,795393,942963,-15.65,15248154,0.52,0.62,11.3804,9.5066,3.45,3.45,2845,遠東銀,9536018,9684111,-1.53,759975,966769,41143
2846,-256851,-6930028,-8036351,-13.77,3715000,-18.65,-5.33,-10.6741,-2.3261,1.03,0.92,2846,中興銀,6285331,9976183,-37,-7408263,-10295774,-315897
2847,-49358,457164,69609,556.76,16192549,0.28,0.05,11.1647,8.7319,4.01,3.99,2847,大眾銀,10441441,9600625,8.76,794532,196608,-209295
2848,3030,78925,-96941,,1836936,0.43,-0.53,10.6056,30.1321,8.75,8.7,2848,華南保,5889316,6131431,-3.95,97864,-80655,2988
2849,25133,482111,623683,-22.7,14093384,0.34,0.44,11.3385,8.2157,4.64,4.6,2849,安泰銀,9666521,10024432,-3.57,567951,894150,-31328
2850,5191,142870,168486,-15.2,2021670,0.71,0.94,12.7072,25.676,8.84,8.83,2850,新光產,10205522,9052812,12.73,176883,174896,38030
2851,-107828,222604,239262,-6.96,3000000,0.74,0.8,11.8048,23.0477,13.6,13.3,2851,中再保,8091055,6366590,27.09,332642,378829,-2020
2852,-289,43555,99591,-56.27,1700000,0.26,0.59,10.4414,21.3968,2.17,2.17,2852,第一保,7606496,5829899,30.47,79793,119980,3834
29,2220742,4895902,3879963,26.18,47742566,1.03,0.84,12.0421,50.6542,0.79,0.56,29,貿易百貨類,90720020,88697100,2.28,2785335,2358509,2910976
2901,1991,13830,14148,-2.25,730433,0.19,0.19,10.7642,81.453,3.43,3.32,2901,欣欣,626990,708296,-11.48,11127,19082,7647
2902,-50733,-256977,-313707,-18.08,2407029,-1.07,-1.3,4.7571,33.3605,0.2,0.03,2902,中信,329839,1262165,-73.87,-183188,-223332,-77783
2903,1870687,-301723,2026596,,10001438,-0.3,2.19,14.7855,58.8101,0.92,0.75,2903,遠百,11526291,13269928,-13.14,297856,179330,-542821
2904,-23961,-349451,9770,,1230000,-2.84,0.08,7.7277,37.3731,0.49,0.3,2904,匯僑,787663,1528922,-48.48,-119312,27174,-300176
2905,500556,2792511,474294,488.77,4647922,6.01,1,16.6196,64.7527,0.73,0.3,2905,三商行,6499143,6095863,6.62,42322,-41382,2810170
2906,20956,315877,351885,-10.23,4063037,0.78,0.81,11.5325,56.974,1.79,1.68,2906,高林,7383082,8503963,-13.18,395050,405850,-4678
2908,176498,512915,345537,48.44,2872423,1.79,1.48,14.4516,60.7307,1.44,1.21,2908,特力,9924634,7920970,25.3,464525,229139,169390
2910,-5088,203455,220053,-7.54,2087250,0.97,1.05,12.3954,47.1827,2.63,2.34,2910,統領,1827185,2081206,-12.21,266841,301791,-23409
2911,77281,51119,34305,49.01,1085345,0.47,0.33,15.4338,52.998,1.35,0.32,2911,麗嬰房,1420714,1568080,-9.4,-50035,-44733,93384
2912,326270,1412317,1405115,0.51,6936495,2.04,2.33,13.7593,45.2954,0.78,0.47,2912,統一超,48505400,42623797,13.8,1744873,1518801,122364
2913,-673715,502029,-688033,,11681194,0.43,-0.59,8.0938,38.2632,0.16,0.09,2913,農林,1889079,3133910,-39.72,-84724,-13211,656888
98,461189,-1390868,176834,,14348892,-0.97,0.12,9.6867,37.0917,0.95,0.38,98,綜合企業類,6037323,8661001,-30.29,-676852,-386981,-854908
9801,461189,-1390868,176834,,14348892,-0.97,0.12,9.6867,37.0917,0.95,0.38,9801,力霸,6037323,8661001,-30.29,-676852,-386981,-854908
99,2624718,7277493,8112129,-10.29,98996017,0.74,0.86,13.5093,55.8205,1.13,0.73,99,其他類,89450671,88398981,1.19,6501913,7320997,2277824
9902,-188011,-142037,-203839,-30.32,2476000,-0.57,-0.82,7.0216,48.1185,0.6,0.13,9902,台火,352265,535447,-34.21,-32937,-12577,-109565
9904,2024162,2300143,2268666,1.39,13520921,1.7,1.85,17.2905,69.8438,2.07,1.95,9904,寶成,7644747,8210448,-6.89,421142,307504,1919001
9905,153967,138201,308160,-55.15,3080000,0.45,1,14.6411,93.3938,8.58,6.86,9905,大華,1279078,1456720,-12.19,140625,225410,46080
9906,-238562,-293215,-302410,-3.04,2908385,-1.01,-1.04,4.7672,38.6302,0.43,0.1,9906,興達,1132789,1289018,-12.12,-75388,-65666,-230558
9907,-771103,-257629,128433,,15347009,-0.17,0.09,10.8441,45.1493,0.78,0.46,9907,統一實,9750232,9716051,0.35,703479,1023270,-891067
9908,139419,147147,152902,-3.76,5398000,0.27,0.29,11.5809,62.6972,1.23,0.74,9908,大台北,1942999,2015979,-3.62,-23345,54483,192492
9910,207826,612491,501749,22.07,3487777,1.76,1.58,14.6011,71.7372,1,0.86,9910,豐泰,6005902,5915771,1.52,416228,414074,286999
9911,8220,-90709,-43248,109.74,1889896,-0.48,-0.11,17.0975,54.9721,0.68,0.5,9911,櫻花,1056028,1342433,-21.33,7704,-34327,-128794
9912,-31139,-60348,-118730,-49.17,1512000,-0.4,-0.79,9.6626,52.2587,0.87,0.61,9912,偉聯,1159875,1287497,-9.91,-51006,-99691,-15396
9914,154258,-186411,185887,,2118663,-0.88,1.04,14.6756,58.9571,0.88,0.37,9914,美利達,2255779,2629318,-14.21,-67453,64762,-166176
9915,-464,358917,330131,8.72,1433460,2.5,2.93,13.6992,86.3828,4.35,3.7,9915,億豐,3869401,3314980,16.72,545606,415535,-28194
9917,144055,1986958,645847,207.65,4168113,4.77,1.64,17.8845,83.5227,0.72,0.64,9917,中保,3130928,3102043,0.93,743079,657691,1425147
9918,41734,123205,183706,-32.93,1612212,0.76,1.14,12.879,74.6171,6.73,6.61,9918,欣天然,997397,1053240,-5.3,140418,202795,21819
9919,-46797,77447,93953,-17.57,1658500,0.47,0.58,13.0515,58.8928,1.39,0.83,9919,康那香,1722640,1702009,1.21,140930,149732,-32919
9921,565903,514574,643438,-20.03,2613968,1.97,2.83,16.91,67.4756,1.5,0.9,9921,巨大,3864313,4467726,-13.51,-5994,84872,531423
9922,-52650,-361834,5526,,2873950,-1.26,0.02,4.233,32.9876,1.22,0.65,9922,優美,1729590,2163263,-20.05,-134575,62091,-228930
9923,39990,-38235,52194,,993432,-0.38,0.53,10.3699,18.4082,1.02,0.27,9923,鼎營,2866606,2080619,37.78,-16438,9478,-7991
9924,-932,399495,126676,215.37,1622269,2.46,0.81,15.5722,77.7413,2.35,1.52,9924,福興,2145525,1807682,18.69,299013,185822,180036
9925,111498,310060,432649,-28.33,3115687,1,1.65,12.9421,66.262,0.43,0.36,9925,新保,1910023,1910204,-0.01,450347,418151,-32287
9926,3253,79812,113434,-29.64,1138000,0.7,1.07,12.4111,65.0667,2.01,1.41,9926,新海,914960,972323,-5.9,106653,149181,4259
9927,-2869,164970,54190,204.43,1073606,1.54,0.58,13.0481,68.1768,1.98,1.46,9927,泰銘,1363732,1327036,2.77,189600,78276,18964
9928,102425,784,427992,-99.82,3670719,<<<<<,1.23,13.6686,46.9833,0.92,0.58,9928,中視,2280375,3332418,-31.57,111193,404201,-108684
9929,-17059,95918,73258,30.93,1152686,0.83,0.71,12.6072,37.7693,0.92,0.47,9929,秋雨印刷,1284389,1024268,25.4,121575,118665,-8818
9930,-7556,128350,142625,-10.01,1942918,0.66,1.19,11.9087,59.6838,1.08,0.94,9930,中聯資,1423739,1136856,25.23,142782,191780,9960
9931,-7915,32341,44737,-27.71,946764,0.34,0.48,12.2213,48.6479,0.51,0.29,9931,欣高,439340,445252,-1.33,56398,67827,-12383
9932,-351281,-543588,-300287,81.02,1205609,-4.51,-2.49,32.4069,46.2411,1.1,0.12,9932,順大裕,369805,607802,-39.16,-50198,129663,-489442
9933,492052,501026,749661,-33.17,5476000,0.91,1.57,12.9593,55.9006,1.21,0.61,9933,中鼎,7958563,6979618,14.03,585496,427015,48158
9934,13882,297798,139332,113.73,678881,4.39,2.55,15.8897,73.603,2.24,1.61,9934,成霖,2280857,1461241,56.09,360581,168140,35806
9935,-17807,40260,50785,-20.72,787500,0.51,0.68,12.0129,54.096,1.46,0.78,9935,慶豐富,1916512,1625421,17.91,111411,82204,-47009
9936,28686,-128712,17401,,1627320,-0.79,0.11,23.3099,66.9705,1.28,0.38,9936,欣錩,2835567,2678822,5.85,-63152,10110,-81110
9937,-15042,194277,121067,60.47,2655222,0.73,0.51,12.0503,55.3869,0.24,0.16,9937,全國,6587825,5367658,22.73,186365,171864,58287
9938,134860,113922,188100,-39.44,902450,1.26,2.41,14.0785,67.6093,1.16,0.61,9938,百和,983918,1103956,-10.87,73246,113124,77265
9939,-26615,141541,195770,-27.7,987344,1.43,2.48,15.2362,59.8911,1.45,0.99,9939,宏全,1120930,1019054,10,189105,220884,-12761
9940,-39144,59803,125554,-52.37,825756,0.72,1.6,12.1198,68.0101,0.8,0.72,9940,信義,1137456,1486494,-23.48,59439,207957,21858
9941,73474,560771,576820,-2.78,2095000,2.68,3.27,16.7073,20.95,1.19,1.02,9941,裕融,1736586,1830314,-5.12,719984,716697,32354
