date,國際證券辨識號碼(ISIN Code),上市日,市場別,產業別,CFICode,證券代號,證券名稱
1962-02-09,TW0001101004,1962/02/09,上市,水泥工業,ESVUFR,1101,台泥
1962-06-08,TW0001102002,1962/06/08,上市,水泥工業,ESVUFR,1102,亞泥
1969-11-14,TW0001103000,1969/11/14,上市,水泥工業,ESVUFR,1103,嘉泥
1971-02-01,TW0001104008,1971/02/01,上市,水泥工業,ESVUFR,1104,環泥
1990-06-06,TW0001108009,1990/06/06,上市,水泥工業,ESVUFR,1108,幸福
1991-12-05,TW0001109007,1991/12/05,上市,水泥工業,ESVUFR,1109,信大
1994-10-22,TW0001110005,1994/10/22,上市,水泥工業,ESVUFR,1110,東泥
1962-02-09,TW0001201002,1962/02/09,上市,食品工業,ESVUFR,1201,味全
1964-08-24,TW0001203008,1964/08/24,上市,食品工業,ESVUFR,1203,味王
1978-05-20,TW0001210003,1978/05/20,上市,食品工業,ESVUFR,1210,大成
1981-04-10,TW0001213007,1981/04/10,上市,食品工業,ESVUFR,1213,大飲
1987-07-27,TW0001215002,1987/07/27,上市,食品工業,ESVUFR,1215,卜蜂
1987-12-28,TW0001216000,1987/12/28,上市,食品工業,ESVUFR,1216,統一
1989-10-28,TW0001217008,1989/10/28,上市,食品工業,ESVUFR,1217,愛之味
1989-11-11,TW0001218006,1989/11/11,上市,食品工業,ESVUFR,1218,泰山
1990-12-01,TW0001219004,1990/12/01,上市,食品工業,ESVUFR,1219,福壽
1991-11-20,TW0001220002,1991/11/20,上市,食品工業,ESVUFR,1220,台榮
1993-09-27,TW0001225001,1993/09/27,上市,食品工業,ESVUFR,1225,福懋油
1994-04-09,TW0001227007,1994/04/09,上市,食品工業,ESVUFR,1227,佳格
1976-07-19,TW0001229003,1976/07/19,上市,食品工業,ESVUFR,1229,聯華
1995-11-02,TW0001231009,1995/11/02,上市,食品工業,ESVUFR,1231,聯華食
1996-02-09,TW0001232007,1996/02/09,上市,食品工業,ESVUFR,1232,大統益
1999-01-20,TW0001233005,1999/01/20,上市,食品工業,ESVUFR,1233,天仁
1999-03-12,TW0001234003,1999/03/12,上市,食品工業,ESVUFR,1234,黑松
2000-09-11,TW0001235000,2000/09/11,上市,食品工業,ESVUFR,1235,興泰
2001-09-17,TW0001236008,2001/09/17,上市,食品工業,ESVUFR,1236,宏亞
2016-03-17,KYG858681003,2016/03/17,上市,食品工業,ESVUFR,1256,鮮活果汁-KY
2014-01-16,KYG409711069,2014/01/16,上市,其他業,ESVUFR,1262,綠悅-KY
1964-07-27,TW0001301000,1964/07/27,上市,塑膠工業,ESVUFR,1301,台塑
1967-11-05,TW0001303006,1967/11/05,上市,塑膠工業,ESVUFR,1303,南亞
1972-05-20,TW0001304004,1972/05/20,上市,塑膠工業,ESVUFR,1304,台聚
1973-03-05,TW0001305001,1973/03/05,上市,塑膠工業,ESVUFR,1305,華夏
1985-11-23,TW0001307007,1985/11/23,上市,塑膠工業,ESVUFR,1307,三芳
1986-06-20,TW0001308005,1986/06/20,上市,塑膠工業,ESVUFR,1308,亞聚
1986-06-27,TW0001309003,1986/06/27,上市,塑膠工業,ESVUFR,1309,台達化
1987-08-06,TW0001310001,1987/08/06,上市,塑膠工業,ESVUFR,1310,台苯
1988-12-21,TW0001312007,1988/12/21,上市,塑膠工業,ESVUFR,1312,國喬
1989-03-27,TW0001313005,1989/03/27,上市,塑膠工業,ESVUFR,1313,聯成
1991-07-12,TW0001314003,1991/07/12,上市,塑膠工業,ESVUFR,1314,中石化
1992-05-09,TW0001315000,1992/05/09,上市,塑膠工業,ESVUFR,1315,達新
1992-10-15,TW0001316008,1992/10/15,上市,化學工業,ESVUFR,1316,上曜
1994-12-12,TW0001319002,1994/12/12,上市,塑膠工業,ESVUFR,1319,東陽
1999-01-26,TW0001321008,1999/01/26,上市,塑膠工業,ESVUFR,1321,大洋
2000-09-11,TW0001323004,2000/09/11,上市,塑膠工業,ESVUFR,1323,永裕
2000-09-11,TW0001324002,2000/09/11,上市,塑膠工業,ESVUFR,1324,地球
2000-09-11,TW0001325009,2000/09/11,上市,塑膠工業,ESVUFR,1325,恆大
1984-12-20,TW0001326007,1984/12/20,上市,塑膠工業,ESVUFR,1326,台化
2011-07-01,KYG0539R1039,2011/07/01,上市,塑膠工業,ESVUFR,1337,再生-KY
2012-12-19,KYG451001070,2012/12/19,上市,汽車工業,ESVUFR,1338,廣華-KY
2012-04-24,TW0001339000,2012/04/24,上市,塑膠工業,ESVUFR,1339,昭輝
2013-12-06,KYG935971054,2013/12/06,上市,塑膠工業,ESVUFR,1340,勝悅-KY
1967-04-14,TW0001402006,1967/04/14,上市,紡織纖維,ESVUFR,1402,遠東新
1973-08-31,TW0001409001,1973/08/31,上市,紡織纖維,ESVUFR,1409,新纖
1973-10-18,TW0001410009,1973/10/18,上市,紡織纖維,ESVUFR,1410,南染
1975-12-23,TW0001413003,1975/12/23,上市,紡織纖維,ESVUFR,1413,宏洲
1976-02-02,TW0001414001,1976/02/02,上市,紡織纖維,ESVUFR,1414,東和
1976-04-20,TW0001416006,1976/04/20,上市,紡織纖維,ESVUFR,1416,廣豐
1976-12-28,TW0001417004,1976/12/28,上市,紡織纖維,ESVUFR,1417,嘉裕
1977-02-14,TW0001418002,1977/02/14,上市,紡織纖維,ESVUFR,1418,東華
1977-03-14,TW0001419000,1977/03/14,上市,紡織纖維,ESVUFR,1419,新紡
1979-04-02,TW0001423002,1979/04/02,上市,紡織纖維,ESVUFR,1423,利華
1982-07-26,TW0001432003,1982/07/26,上市,紡織纖維,ESVUFR,1432,大魯閣
1985-12-24,TW0001434009,1985/12/24,上市,紡織纖維,ESVUFR,1434,福懋
1987-12-28,TW0001435006,1987/12/28,上市,其他業,ESVUFR,1435,中福
1988-04-11,TW0001436004,1988/04/11,上市,建材營造業,ESVUFR,1436,華友聯
1988-11-10,TW0001437002,1988/11/10,上市,半導體業,ESVUFR,1437,勤益控
1988-12-15,TW0001438000,1988/12/15,上市,建材營造業,ESVUFR,1438,裕豐
1989-05-22,TW0001439008,1989/05/22,上市,紡織纖維,ESVUFR,1439,中和
1989-10-03,TW0001440006,1989/10/03,上市,紡織纖維,ESVUFR,1440,南紡
1989-10-27,TW0001441004,1989/10/27,上市,紡織纖維,ESVUFR,1441,大東
1989-11-16,TW0001442002,1989/11/16,上市,建材營造業,ESVUFR,1442,名軒
1990-04-21,TW0001443000,1990/04/21,上市,紡織纖維,ESVUFR,1443,立益
1990-08-08,TW0001444008,1990/08/08,上市,紡織纖維,ESVUFR,1444,力麗
1991-02-05,TW0001445005,1991/02/05,上市,紡織纖維,ESVUFR,1445,大宇
1991-10-15,TW0001446003,1991/10/15,上市,紡織纖維,ESVUFR,1446,宏和
1992-01-28,TW0001447001,1992/01/28,上市,紡織纖維,ESVUFR,1447,力鵬
1992-03-12,TW0001449007,1992/03/12,上市,紡織纖維,ESVUFR,1449,佳和
1992-12-21,TW0001451003,1992/12/21,上市,紡織纖維,ESVUFR,1451,年興
1992-12-28,TW0001452001,1992/12/28,上市,紡織纖維,ESVUFR,1452,宏益
1993-04-19,TW0001453009,1993/04/19,上市,紡織纖維,ESVUFR,1453,大將
1993-05-07,TW0001454007,1993/05/07,上市,紡織纖維,ESVUFR,1454,台富
1993-10-07,TW0001455004,1993/10/07,上市,紡織纖維,ESVUFR,1455,集盛
1993-12-09,TW0001456002,1993/12/09,上市,紡織纖維,ESVUFR,1456,怡華
1994-10-20,TW0001457000,1994/10/20,上市,紡織纖維,ESVUFR,1457,宜進
1994-10-26,TW0001459006,1994/10/26,上市,紡織纖維,ESVUFR,1459,聯發
1995-04-28,TW0001460004,1995/04/28,上市,紡織纖維,ESVUFR,1460,宏遠
1996-12-05,TW0001463008,1996/12/05,上市,紡織纖維,ESVUFR,1463,強盛
1997-01-18,TW0001464006,1997/01/18,上市,紡織纖維,ESVUFR,1464,得力
1997-09-08,TW0001465003,1997/09/08,上市,紡織纖維,ESVUFR,1465,偉全
1998-04-04,TW0001466001,1998/04/04,上市,紡織纖維,ESVUFR,1466,聚隆
1998-12-21,TW0001467009,1998/12/21,上市,紡織纖維,ESVUFR,1467,南緯
1999-01-21,TW0001468007,1999/01/21,上市,紡織纖維,ESVUFR,1468,昶和
1999-02-05,TW0001469005,1999/02/05,上市,紡織纖維,ESVUFR,1469,理隆
1999-05-21,TW0001470003,1999/05/21,上市,紡織纖維,ESVUFR,1470,大統染
2000-03-06,TW0001471001,2000/03/06,上市,電子零組件業,ESVUFR,1471,首利
2000-09-11,TW0001472009,2000/09/11,上市,紡織纖維,ESVUFR,1472,三洋紡
2000-09-11,TW0001473007,2000/09/11,上市,紡織纖維,ESVUFR,1473,台南
2000-10-31,TW0001474005,2000/10/31,上市,紡織纖維,ESVUFR,1474,弘裕
2000-10-27,TW0001475002,2000/10/27,上市,紡織纖維,ESVUFR,1475,本盟
2001-04-18,TW0001476000,2001/04/18,上市,紡織纖維,ESVUFR,1476,儒鴻
2003-01-21,TW0001477008,2003/01/21,上市,紡織纖維,ESVUFR,1477,聚陽
1969-12-15,TW0001503001,1969/12/15,上市,電機機械,ESVUFR,1503,士電
1973-11-05,TW0001504009,1973/11/05,上市,電機機械,ESVUFR,1504,東元
1980-08-11,TW0001506004,1980/08/11,上市,電機機械,ESVUFR,1506,正道
1989-11-09,TW0001507002,1989/11/09,上市,電機機械,ESVUFR,1507,永大
1994-01-28,TW0001512002,1994/01/28,上市,電機機械,ESVUFR,1512,瑞利
1994-03-08,TW0001513000,1994/03/08,上市,電機機械,ESVUFR,1513,中興電
1994-03-26,TW0001514008,1994/03/26,上市,電機機械,ESVUFR,1514,亞力
1995-02-04,TW0001515005,1995/02/04,上市,電機機械,ESVUFR,1515,力山
1995-04-01,TW0001516003,1995/04/01,上市,其他業,ESVUFR,1516,川飛
1995-11-14,TW0001517001,1995/11/14,上市,電機機械,ESVUFR,1517,利奇
1997-04-16,TW0001519007,1997/04/16,上市,電機機械,ESVUFR,1519,華城
1997-10-06,TW0001521003,1997/10/06,上市,電機機械,ESVUFR,1521,大億
1997-10-06,TW0001522001,1997/10/06,上市,電機機械,ESVUFR,1522,堤維西
1998-10-30,TW0001524007,1998/10/30,上市,電機機械,ESVUFR,1524,耿鼎
1999-05-15,TW0001525004,1999/05/15,上市,電機機械,ESVUFR,1525,江申
2000-03-27,TW0001526002,2000/03/27,上市,電機機械,ESVUFR,1526,日馳
2000-06-21,TW0001527000,2000/06/21,上市,電機機械,ESVUFR,1527,鑽全
2000-09-11,TW0001528008,2000/09/11,上市,電機機械,ESVUFR,1528,恩德
2000-09-11,TW0001529006,2000/09/11,上市,電機機械,ESVUFR,1529,樂士
2000-09-11,TW0001530004,2000/09/11,上市,電機機械,ESVUFR,1530,亞崴
2000-09-11,TW0001531002,2000/09/11,上市,電機機械,ESVUFR,1531,高林股
2016-07-01,TW0001532000,2016/07/01,上市,電機機械,ESVUFR,1532,勤美
2001-04-06,TW0001533008,2001/04/06,上市,電機機械,ESVUFR,1533,車王電
2001-09-17,TW0001535003,2001/09/17,上市,電機機械,ESVUFR,1535,中宇
2001-09-17,TW0001536001,2001/09/17,上市,電機機械,ESVUFR,1536,和大
2002-01-22,TW0001537009,2002/01/22,上市,電機機械,ESVUFR,1537,廣隆
2002-08-26,TW0001538007,2002/08/26,上市,電機機械,ESVUFR,1538,正峰新
2002-10-29,TW0001539005,2002/10/29,上市,電機機械,ESVUFR,1539,巨庭
2002-08-26,TW0001540003,2002/08/26,上市,電機機械,ESVUFR,1540,喬福
2003-03-19,TW0001541001,2003/03/19,上市,電機機械,ESVUFR,1541,錩泰
2014-12-23,TW0001558005,2014/12/23,上市,電機機械,ESVUFR,1558,伸興
2005-01-31,TW0001560001,2005/01/31,上市,電機機械,ESVUFR,1560,中砂
2014-05-14,TW0001568004,2014/05/14,上市,電機機械,ESVUFR,1568,倉佑
2009-12-17,TW0001582005,2009/12/17,上市,電子零組件業,ESVUFR,1582,信錦
2008-01-24,TW0001583003,2008/01/24,上市,電機機械,ESVUFR,1583,程泰
2012-04-27,KYG984291065,2012/04/27,上市,電機機械,ESVUFR,1589,永冠-KY
2010-12-13,KYG014081064,2010/12/13,上市,電機機械,ESVUFR,1590,亞德客-KY
2014-10-16,KYG316231045,2014/10/16,上市,電機機械,ESVUFR,1592,英瑞-KY
2016-09-20,TW0001598001,2016/09/20,上市,生技醫療業,ESVUFR,1598,岱宇
1968-06-03,TW0001603009,1968/06/03,上市,電器電纜,ESVUFR,1603,華電
1970-12-14,TW0001604007,1970/12/14,上市,電器電纜,ESVUFR,1604,聲寶
1972-11-03,TW0001605004,1972/11/03,上市,電器電纜,ESVUFR,1605,華新
1988-07-11,TW0001608008,1988/07/11,上市,電器電纜,ESVUFR,1608,華榮
1988-12-12,TW0001609006,1988/12/12,上市,電器電纜,ESVUFR,1609,大亞
1990-01-16,TW0001611002,1990/01/16,上市,電器電纜,ESVUFR,1611,中電
1993-05-08,TW0001612000,1993/05/08,上市,電器電纜,ESVUFR,1612,宏泰
1995-10-20,TW0001613008,1995/10/20,上市,電器電纜,ESVUFR,1613,台一
1997-09-18,TW0001614006,1997/09/18,上市,電器電纜,ESVUFR,1614,三洋電
2000-03-30,TW0001615003,2000/03/30,上市,電器電纜,ESVUFR,1615,大山
2000-09-11,TW0001616001,2000/09/11,上市,電器電纜,ESVUFR,1616,億泰
2000-09-11,TW0001617009,2000/09/11,上市,電器電纜,ESVUFR,1617,榮星
2000-09-11,TW0001618007,2000/09/11,上市,電器電纜,ESVUFR,1618,合機
2013-03-21,KYG0135T1076,2013/03/21,上市,電器電纜,ESVUFR,1626,艾美特-KY
1962-02-09,TW0001701001,1962/02/09,上市,生技醫療業,ESVUFR,1701,中化
1973-05-30,TW0001702009,1973/05/30,上市,食品工業,ESVUFR,1702,南僑
1977-12-17,TW0001704005,1977/12/17,上市,化學工業,ESVUFR,1704,榮化
1982-12-20,TW0001707008,1982/12/20,上市,生技醫療業,ESVUFR,1707,葡萄王
1986-06-16,TW0001708006,1986/06/16,上市,化學工業,ESVUFR,1708,東鹼
1986-07-03,TW0001709004,1986/07/03,上市,化學工業,ESVUFR,1709,和益
1987-10-21,TW0001710002,1987/10/21,上市,化學工業,ESVUFR,1710,東聯
1988-12-27,TW0001711000,1988/12/27,上市,化學工業,ESVUFR,1711,永光
1989-12-14,TW0001712008,1989/12/14,上市,化學工業,ESVUFR,1712,興農
1990-01-31,TW0001713006,1990/01/31,上市,化學工業,ESVUFR,1713,國化
1991-08-30,TW0001714004,1991/08/30,上市,化學工業,ESVUFR,1714,和桐
1992-12-28,TW0001715001,1992/12/28,上市,塑膠工業,ESVUFR,1715,萬洲
1994-03-31,TW0001717007,1994/03/31,上市,化學工業,ESVUFR,1717,長興
1963-12-02,TW0001718005,1963/12/02,上市,化學工業,ESVUFR,1718,中纖
1995-12-12,TW0001720001,1995/12/12,上市,生技醫療業,ESVUFR,1720,生達
1996-05-16,TW0001721009,1996/05/16,上市,化學工業,ESVUFR,1721,三晃
1998-03-24,TW0001722007,1998/03/24,上市,化學工業,ESVUFR,1722,台肥
1998-11-27,TW0001723005,1998/11/27,上市,化學工業,ESVUFR,1723,中碳
1995-03-30,TW0001724003,1995/03/30,上市,化學工業,ESVUFR,1724,台硝
2000-09-11,TW0001725000,2000/09/11,上市,化學工業,ESVUFR,1725,元禎
2000-09-11,TW0001726008,2000/09/11,上市,化學工業,ESVUFR,1726,永記
2000-09-11,TW0001727006,2000/09/11,上市,化學工業,ESVUFR,1727,中華化
2001-03-21,TW0001729002,2001/03/21,上市,生技醫療業,ESVUFR,1729,必翔
2001-09-17,TW0001730000,2001/09/17,上市,化學工業,ESVUFR,1730,花仙子
2001-09-17,TW0001731008,2001/09/17,上市,生技醫療業,ESVUFR,1731,美吾華
2001-09-17,TW0001732006,2001/09/17,上市,化學工業,ESVUFR,1732,毛寶
2001-09-17,TW0001733004,2001/09/17,上市,生技醫療業,ESVUFR,1733,五鼎
2002-08-26,TW0001734002,2002/08/26,上市,生技醫療業,ESVUFR,1734,杏輝
2002-08-26,TW0001735009,2002/08/26,上市,化學工業,ESVUFR,1735,日勝化
2003-01-09,TW0001736007,2003/01/09,上市,生技醫療業,ESVUFR,1736,喬山
2003-11-18,TW0001737005,2003/11/18,上市,食品工業,ESVUFR,1737,臺鹽
2010-12-20,TW0001762003,2010/12/20,上市,生技醫療業,ESVUFR,1762,中化生
2009-02-27,TW0001773000,2009/02/27,上市,化學工業,ESVUFR,1773,勝一
2016-05-09,TW0001776003,2016/05/09,上市,化學工業,ESVUFR,1776,展宇
2013-12-20,TW0001783009,2013/12/20,上市,生技醫療業,ESVUFR,1783,和康生
2013-11-12,TW0001786002,2013/11/12,上市,生技醫療業,ESVUFR,1786,科妍
2011-09-29,TW0001789006,2011/09/29,上市,生技醫療業,ESVUFR,1789,神隆
1973-07-20,TW0001802007,1973/07/20,上市,玻璃陶瓷,ESVUFR,1802,台玻
1989-10-20,TW0001805000,1989/10/20,上市,建材營造業,ESVUFR,1805,寶徠
1992-09-29,TW0001806008,1992/09/29,上市,玻璃陶瓷,ESVUFR,1806,冠軍
1994-10-26,TW0001808004,1994/10/26,上市,建材營造業,ESVUFR,1808,潤隆
1996-04-30,TW0001809002,1996/04/30,上市,玻璃陶瓷,ESVUFR,1809,中釉
1991-10-14,TW0001810000,1991/10/14,上市,玻璃陶瓷,ESVUFR,1810,和成
2013-10-24,TW0001817005,2013/10/24,上市,玻璃陶瓷,ESVUFR,1817,凱撒衛
1962-02-09,TW0001902005,1962/02/09,上市,造紙工業,ESVUFR,1902,台紙
1963-12-09,TW0001903003,1963/12/09,上市,造紙工業,ESVUFR,1903,士紙
1971-09-10,TW0001904001,1971/09/10,上市,造紙工業,ESVUFR,1904,正隆
1975-02-07,TW0001905008,1975/02/07,上市,造紙工業,ESVUFR,1905,華紙
1976-04-26,TW0001906006,1976/04/26,上市,造紙工業,ESVUFR,1906,寶隆
1977-02-22,TW0001907004,1977/02/22,上市,造紙工業,ESVUFR,1907,永豐餘
1985-11-19,TW0001909000,1985/11/19,上市,造紙工業,ESVUFR,1909,榮成
1974-12-26,TW0002002003,1974/12/26,上市,鋼鐵工業,ESVUFR,2002,中鋼
1988-07-13,TW0002006004,1988/07/13,上市,鋼鐵工業,ESVUFR,2006,東和鋼鐵
1988-10-04,TW0002007002,1988/10/04,上市,鋼鐵工業,ESVUFR,2007,燁興
1988-12-28,TW0002008000,1988/12/28,上市,鋼鐵工業,ESVUFR,2008,高興昌
1989-10-20,TW0002009008,1989/10/20,上市,鋼鐵工業,ESVUFR,2009,第一銅
1989-12-22,TW0002010006,1989/12/22,上市,鋼鐵工業,ESVUFR,2010,春源
1991-10-17,TW0002012002,1991/10/17,上市,鋼鐵工業,ESVUFR,2012,春雨
1992-01-21,TW0002013000,1992/01/21,上市,鋼鐵工業,ESVUFR,2013,中鋼構
1992-02-20,TW0002014008,1992/02/20,上市,鋼鐵工業,ESVUFR,2014,中鴻
1992-05-25,TW0002015005,1992/05/25,上市,鋼鐵工業,ESVUFR,2015,豐興
1992-11-02,TW0002017001,1992/11/02,上市,鋼鐵工業,ESVUFR,2017,官田鋼
1993-04-27,TW0002020005,1993/04/27,上市,鋼鐵工業,ESVUFR,2020,美亞
1995-03-27,TW0002022001,1995/03/27,上市,鋼鐵工業,ESVUFR,2022,聚亨
1995-07-28,TW0002023009,1995/07/28,上市,鋼鐵工業,ESVUFR,2023,燁輝
1995-12-30,TW0002024007,1995/12/30,上市,鋼鐵工業,ESVUFR,2024,志聯
1996-02-08,TW0002025004,1996/02/08,上市,鋼鐵工業,ESVUFR,2025,千興
1996-10-24,TW0002027000,1996/10/24,上市,鋼鐵工業,ESVUFR,2027,大成鋼
1996-12-13,TW0002028008,1996/12/13,上市,鋼鐵工業,ESVUFR,2028,威致
1997-01-11,TW0002029006,1997/01/11,上市,鋼鐵工業,ESVUFR,2029,盛餘
1998-12-24,TW0002030004,1998/12/24,上市,鋼鐵工業,ESVUFR,2030,彰源
2000-09-11,TW0002031002,2000/09/11,上市,鋼鐵工業,ESVUFR,2031,新光鋼
2000-09-11,TW0002032000,2000/09/11,上市,鋼鐵工業,ESVUFR,2032,新鋼
2000-09-11,TW0002033008,2000/09/11,上市,鋼鐵工業,ESVUFR,2033,佳大
2001-09-17,TW0002034006,2001/09/17,上市,鋼鐵工業,ESVUFR,2034,允強
2008-12-30,TW0002038007,2008/12/30,上市,鋼鐵工業,ESVUFR,2038,海光
2009-06-26,TW0002049004,2009/06/26,上市,電機機械,ESVUFR,2049,上銀
2008-06-25,TW0002059003,2008/06/25,上市,電子零組件業,ESVUFR,2059,川湖
2007-11-16,TW0002062007,2007/11/16,上市,其他業,ESVUFR,2062,橋椿
2016-03-22,TW0002069002,2016/03/22,上市,鋼鐵工業,ESVUFR,2069,運錩
1963-11-01,TW0002101003,1963/11/01,上市,橡膠工業,ESVUFR,2101,南港
1979-07-16,TW0002102001,1979/07/16,上市,橡膠工業,ESVUFR,2102,泰豐
1982-09-25,TW0002103009,1982/09/25,上市,橡膠工業,ESVUFR,2103,台橡
1986-07-15,TW0002104007,1986/07/15,上市,橡膠工業,ESVUFR,2104,中橡
1987-12-07,TW0002105004,1987/12/07,上市,橡膠工業,ESVUFR,2105,正新
1990-12-20,TW0002106002,1990/12/20,上市,橡膠工業,ESVUFR,2106,建大
1992-03-03,TW0002107000,1992/03/03,上市,橡膠工業,ESVUFR,2107,厚生
1992-10-27,TW0002108008,1992/10/27,上市,橡膠工業,ESVUFR,2108,南帝
2000-05-08,TW0002109006,2000/05/08,上市,橡膠工業,ESVUFR,2109,華豐
2010-12-29,TW0002114006,2010/12/29,上市,橡膠工業,ESVUFR,2114,鑫永銓
2013-12-25,KYG5700L1086,2013/12/25,上市,橡膠工業,ESVUFR,2115,六暉-KY
1976-07-08,TW0002201001,1976/07/08,上市,汽車工業,ESVUFR,2201,裕隆
1991-03-12,TW0002204005,1991/03/12,上市,汽車工業,ESVUFR,2204,中華
1996-07-29,TW0002206000,1996/07/29,上市,汽車工業,ESVUFR,2206,三陽工業
1997-02-25,TW0002207008,1997/02/25,上市,汽車工業,ESVUFR,2207,和泰車
2008-12-22,TW0002208006,2008/12/22,上市,航運業,ESVUFR,2208,台船
2004-12-21,TW0002227006,2004/12/21,上市,汽車工業,ESVUFR,2227,裕日車
2013-11-25,TW0002228004,2013/11/25,上市,電機機械,ESVUFR,2228,劍麟
2010-11-19,TW0002231008,2010/11/19,上市,電機機械,ESVUFR,2231,為升
2015-06-03,KYG693691092,2015/06/03,上市,電機機械,ESVUFR,2236,百達-KY
2016-01-27,KYG1991F1081,2016/01/27,上市,汽車工業,ESVUFR,2239,英利-KY
1995-11-17,TW0002301009,1995/11/17,上市,電腦及週邊設備業,ESVUFR,2301,光寶科
1985-01-15,TW0002302007,1985/01/15,上市,半導體業,ESVUFR,2302,麗正
1985-07-16,TW0002303005,1985/07/16,上市,半導體業,ESVUFR,2303,聯電
1988-10-21,TW0002305000,1988/10/21,上市,電腦及週邊設備業,ESVUFR,2305,全友
1988-12-19,TW0002308004,1988/12/19,上市,電子零組件業,ESVUFR,2308,台達電
1989-07-19,TW0002311008,1989/07/19,上市,半導體業,ESVUFR,2311,日月光
1989-11-07,TW0002312006,1989/11/07,上市,其他電子業,ESVUFR,2312,金寶
1990-07-24,TW0002313004,1990/07/24,上市,電子零組件業,ESVUFR,2313,華通
1990-08-08,TW0002314002,1990/08/08,上市,通信網路業,ESVUFR,2314,台揚
1991-02-05,TW0002316007,1991/02/05,上市,電子零組件業,ESVUFR,2316,楠梓電
1991-06-18,TW0002317005,1991/06/18,上市,其他電子業,ESVUFR,2317,鴻海
1991-11-08,TW0002321007,1991/11/08,上市,通信網路業,ESVUFR,2321,東訊
1992-02-17,TW0002323003,1992/02/17,上市,光電業,ESVUFR,2323,中環
1992-02-18,TW0002324001,1992/02/18,上市,電腦及週邊設備業,ESVUFR,2324,仁寶
1993-04-07,TW0002325008,1993/04/07,上市,半導體業,ESVUFR,2325,矽品
1993-10-22,TW0002327004,1993/10/22,上市,電子零組件業,ESVUFR,2327,國巨
1993-11-09,TW0002328002,1993/11/09,上市,電子零組件業,ESVUFR,2328,廣宇
1994-04-20,TW0002329000,1994/04/20,上市,半導體業,ESVUFR,2329,華泰
1994-09-05,TW0002330008,1994/09/05,上市,半導體業,ESVUFR,2330,台積電
1994-09-21,TW0002331006,1994/09/21,上市,電腦及週邊設備業,ESVUFR,2331,精英
1994-10-17,TW0002332004,1994/10/17,上市,通信網路業,ESVUFR,2332,友訊
1995-03-15,TW0002337003,1995/03/15,上市,半導體業,ESVUFR,2337,旺宏
1995-04-17,TW0002338001,1995/04/17,上市,半導體業,ESVUFR,2338,光罩
1995-05-02,TW0002340007,1995/05/02,上市,光電業,ESVUFR,2340,光磊
1995-09-19,TW0002342003,1995/09/19,上市,半導體業,ESVUFR,2342,茂矽
1995-10-18,TW0002344009,1995/10/18,上市,半導體業,ESVUFR,2344,華邦電
1995-11-15,TW0002345006,1995/11/15,上市,通信網路業,ESVUFR,2345,智邦
1995-12-13,TW0002347002,1995/12/13,上市,電子通路業,ESVUFR,2347,聯強
1996-01-05,TW0002348000,1996/01/05,上市,其他業,ESVUFR,2348,海悅
1996-04-23,TW0002349008,1996/04/23,上市,光電業,ESVUFR,2349,錸德
1996-04-25,TW0002351004,1996/04/25,上市,半導體業,ESVUFR,2351,順德
1996-07-22,TW0002352002,1996/07/22,上市,電腦及週邊設備業,ESVUFR,2352,佳世達
1996-09-18,TW0002353000,1996/09/18,上市,電腦及週邊設備業,ESVUFR,2353,宏��
1996-10-08,TW0002354008,1996/10/08,上市,其他電子業,ESVUFR,2354,鴻準
1996-10-14,TW0002355005,1996/10/14,上市,電子零組件業,ESVUFR,2355,敬鵬
1996-11-13,TW0002356003,1996/11/13,上市,電腦及週邊設備業,ESVUFR,2356,英業達
1996-11-14,TW0002357001,1996/11/14,上市,電腦及週邊設備業,ESVUFR,2357,華碩
1996-12-18,TW0002358009,1996/12/18,上市,電腦及週邊設備業,ESVUFR,2358,廷鑫
1996-12-19,TW0002359007,1996/12/19,上市,其他電子業,ESVUFR,2359,所羅門
1996-12-21,TW0002360005,1996/12/21,上市,其他電子業,ESVUFR,2360,致茂
1997-04-02,TW0002362001,1997/04/02,上市,電腦及週邊設備業,ESVUFR,2362,藍天
1997-08-01,TW0002363009,1997/08/01,上市,半導體業,ESVUFR,2363,矽統
1997-08-11,TW0002364007,1997/08/11,上市,電腦及週邊設備業,ESVUFR,2364,倫飛
1997-11-03,TW0002365004,1997/11/03,上市,電腦及週邊設備業,ESVUFR,2365,昆盈
1997-12-13,TW0002367000,1997/12/13,上市,電子零組件業,ESVUFR,2367,燿華
1998-03-09,TW0002368008,1998/03/09,上市,電子零組件業,ESVUFR,2368,金像電
1998-04-10,TW0002369006,1998/04/10,上市,半導體業,ESVUFR,2369,菱生
1962-02-09,TW0002371002,1962/02/09,上市,電機機械,ESVUFR,2371,大同
1991-08-01,TW0002373008,1991/08/01,上市,其他電子業,ESVUFR,2373,震旦行
1995-01-16,TW0002374006,1995/01/16,上市,光電業,ESVUFR,2374,佳能
1998-08-29,TW0002375003,1998/08/29,上市,電子零組件業,ESVUFR,2375,智寶
1998-09-24,TW0002376001,1998/09/24,上市,電腦及週邊設備業,ESVUFR,2376,技嘉
1998-10-31,TW0002377009,1998/10/31,上市,電腦及週邊設備業,ESVUFR,2377,微星
1998-10-26,TW0002379005,1998/10/26,上市,半導體業,ESVUFR,2379,瑞昱
1998-12-03,TW0002380003,1998/12/03,上市,電腦及週邊設備業,ESVUFR,2380,虹光
1999-01-08,TW0002382009,1999/01/08,上市,電腦及週邊設備業,ESVUFR,2382,廣達
1998-11-27,TW0002383007,1998/11/27,上市,電子零組件業,ESVUFR,2383,台光電
1999-01-05,TW0002385002,1999/01/05,上市,電子零組件業,ESVUFR,2385,群光
1999-01-25,TW0002387008,1999/01/25,上市,電腦及週邊設備業,ESVUFR,2387,精元
1999-03-05,TW0002388006,1999/03/05,上市,半導體業,ESVUFR,2388,威盛
1999-06-15,TW0002390002,1999/06/15,上市,其他電子業,ESVUFR,2390,云辰
1999-09-20,TW0002392008,1999/09/20,上市,電子零組件業,ESVUFR,2392,正崴
1999-11-04,TW0002393006,1999/11/04,上市,光電業,ESVUFR,2393,億光
1999-12-13,TW0002395001,1999/12/13,上市,電腦及週邊設備業,ESVUFR,2395,研華
2000-01-15,TW0002397007,2000/01/15,上市,電腦及週邊設備業,ESVUFR,2397,友通
1999-12-16,TW0002399003,1999/12/16,上市,電腦及週邊設備業,ESVUFR,2399,映泰
2000-01-27,TW0002401007,2000/01/27,上市,半導體業,ESVUFR,2401,凌陽
2000-01-14,TW0002402005,2000/01/14,上市,電子零組件業,ESVUFR,2402,毅嘉
2000-03-14,TW0002404001,2000/03/14,上市,其他電子業,ESVUFR,2404,漢唐
2000-03-17,TW0002405008,2000/03/17,上市,電腦及週邊設備業,ESVUFR,2405,浩鑫
2000-04-29,TW0002406006,2000/04/29,上市,光電業,ESVUFR,2406,國碩
2000-08-17,TW0002408002,2000/08/17,上市,半導體業,ESVUFR,2408,南亞科
2000-09-08,TW0002409000,2000/09/08,上市,光電業,ESVUFR,2409,友達
2000-10-27,TW0002412004,2000/10/27,上市,通信網路業,ESVUFR,2412,中華電
2000-09-11,TW0002413002,2000/09/11,上市,電子零組件業,ESVUFR,2413,環科
2000-09-11,TW0002414000,2000/09/11,上市,電子通路業,ESVUFR,2414,精技
2000-09-11,TW0002415007,2000/09/11,上市,電子零組件業,ESVUFR,2415,錩新
2000-09-11,TW0002417003,2000/09/11,上市,電腦及週邊設備業,ESVUFR,2417,圓剛
2000-09-11,TW0002419009,2000/09/11,上市,通信網路業,ESVUFR,2419,仲琦
2000-09-11,TW0002420007,2000/09/11,上市,電子零組件業,ESVUFR,2420,新巨
2000-09-11,TW0002421005,2000/09/11,上市,電子零組件業,ESVUFR,2421,建準
2000-09-11,TW0002423001,2000/09/11,上市,其他電子業,ESVUFR,2423,固緯
2000-09-11,TW0002424009,2000/09/11,上市,電腦及週邊設備業,ESVUFR,2424,隴華
2000-09-11,TW0002425006,2000/09/11,上市,電腦及週邊設備業,ESVUFR,2425,承啟
2000-09-11,TW0002426004,2000/09/11,上市,光電業,ESVUFR,2426,鼎元
2000-09-11,TW0002427002,2000/09/11,上市,資訊服務業,ESVUFR,2427,三商電
2000-09-11,TW0002428000,2000/09/11,上市,電子零組件業,ESVUFR,2428,興勤
2000-09-11,TW0002429008,2000/09/11,上市,電子零組件業,ESVUFR,2429,銘旺科
2000-09-11,TW0002430006,2000/09/11,上市,電子通路業,ESVUFR,2430,燦坤
2000-09-11,TW0002431004,2000/09/11,上市,電子零組件業,ESVUFR,2431,聯昌
2000-09-11,TW0002433000,2000/09/11,上市,其他電子業,ESVUFR,2433,互盛電
2000-09-11,TW0002434008,2000/09/11,上市,半導體業,ESVUFR,2434,統懋
2000-09-11,TW0002436003,2000/09/11,上市,半導體業,ESVUFR,2436,偉詮電
2000-09-11,TW0002437001,2000/09/11,上市,電子零組件業,ESVUFR,2437,旺詮
2000-09-11,TW0002438009,2000/09/11,上市,光電業,ESVUFR,2438,翔耀
2000-09-11,TW0002439007,2000/09/11,上市,通信網路業,ESVUFR,2439,美律
2000-11-10,TW0002440005,2000/11/10,上市,電子零組件業,ESVUFR,2440,太空梭
2000-10-26,TW0002441003,2000/10/26,上市,半導體業,ESVUFR,2441,超豐
2000-11-22,TW0002442001,2000/11/22,上市,電腦及週邊設備業,ESVUFR,2442,新美齊
2001-01-03,TW0002443009,2001/01/03,上市,電子零組件業,ESVUFR,2443,新利虹
2000-12-08,TW0002444007,2000/12/08,上市,通信網路業,ESVUFR,2444,友旺
2001-05-25,TW0002448008,2001/05/25,上市,光電業,ESVUFR,2448,晶電
2001-05-09,TW0002449006,2001/05/09,上市,半導體業,ESVUFR,2449,京元電子
2001-05-24,TW0002450004,2001/05/24,上市,通信網路業,ESVUFR,2450,神腦
2001-05-03,TW0002451002,2001/05/03,上市,半導體業,ESVUFR,2451,創見
2001-05-22,TW0002453008,2001/05/22,上市,資訊服務業,ESVUFR,2453,凌群
2001-07-23,TW0002454006,2001/07/23,上市,半導體業,ESVUFR,2454,聯發科
2002-01-24,TW0002455003,2002/01/24,上市,通信網路業,ESVUFR,2455,全新
2001-09-26,TW0002456001,2001/09/26,上市,電子零組件業,ESVUFR,2456,奇力新
2001-09-17,TW0002457009,2001/09/17,上市,電子零組件業,ESVUFR,2457,飛宏
2001-09-17,TW0002458007,2001/09/17,上市,半導體業,ESVUFR,2458,義隆
2001-09-17,TW0002459005,2001/09/17,上市,電子通路業,ESVUFR,2459,敦吉
2001-09-17,TW0002460003,2001/09/17,上市,電子零組件業,ESVUFR,2460,建通
2001-09-17,TW0002461001,2001/09/17,上市,其他電子業,ESVUFR,2461,光群雷
2001-09-17,TW0002462009,2001/09/17,上市,電子零組件業,ESVUFR,2462,良得電
2001-09-17,TW0002464005,2001/09/17,上市,其他電子業,ESVUFR,2464,盟立
2001-09-19,TW0002465002,2001/09/19,上市,電腦及週邊設備業,ESVUFR,2465,麗臺
2001-09-17,TW0002466000,2001/09/17,上市,光電業,ESVUFR,2466,冠西電
2001-09-17,TW0002467008,2001/09/17,上市,電子零組件業,ESVUFR,2467,志聖
2001-09-17,TW0002468006,2001/09/17,上市,資訊服務業,ESVUFR,2468,華經
2001-09-17,TW0002471000,2001/09/17,上市,資訊服務業,ESVUFR,2471,資通
2001-09-17,TW0002472008,2001/09/17,上市,電子零組件業,ESVUFR,2472,立隆電
2001-09-17,TW0002474004,2001/09/17,上市,其他電子業,ESVUFR,2474,可成
2001-09-17,TW0002475001,2001/09/17,上市,光電業,ESVUFR,2475,華映
2001-09-17,TW0002476009,2001/09/17,上市,電子零組件業,ESVUFR,2476,鉅祥
2001-09-17,TW0002477007,2001/09/17,上市,其他電子業,ESVUFR,2477,美隆電
2001-09-17,TW0002478005,2001/09/17,上市,電子零組件業,ESVUFR,2478,大毅
2001-09-17,TW0002480001,2001/09/17,上市,資訊服務業,ESVUFR,2480,敦陽科
2001-09-17,TW0002481009,2001/09/17,上市,半導體業,ESVUFR,2481,強茂
2001-09-17,TW0002482007,2001/09/17,上市,其他電子業,ESVUFR,2482,連宇
2001-09-17,TW0002483005,2001/09/17,上市,電子零組件業,ESVUFR,2483,百容
2001-09-17,TW0002484003,2001/09/17,上市,電子零組件業,ESVUFR,2484,希華
2001-09-17,TW0002485000,2001/09/17,上市,通信網路業,ESVUFR,2485,兆赫
2001-09-19,TW0002486008,2001/09/19,上市,光電業,ESVUFR,2486,一詮
2001-09-17,TW0002488004,2001/09/17,上市,其他電子業,ESVUFR,2488,漢平
2001-09-17,TW0002489002,2001/09/17,上市,光電業,ESVUFR,2489,瑞軒
2001-09-17,TW0002491008,2001/09/17,上市,光電業,ESVUFR,2491,吉祥全
2001-09-17,TW0002492006,2001/09/17,上市,電子零組件業,ESVUFR,2492,華新科
2002-01-23,TW0002493004,2002/01/23,上市,電子零組件業,ESVUFR,2493,揚博
2002-03-25,TW0002495009,2002/03/25,上市,其他電子業,ESVUFR,2495,普安
2002-03-08,TW0002496007,2002/03/08,上市,通信網路業,ESVUFR,2496,卓越
2002-02-04,TW0002497005,2002/02/04,上市,其他電子業,ESVUFR,2497,怡利電
2002-03-26,TW0002498003,2002/03/26,上市,通信網路業,ESVUFR,2498,宏達電
2002-02-19,TW0002499001,2002/02/19,上市,光電業,ESVUFR,2499,東貝
1967-10-28,TW0002501004,1967/10/28,上市,建材營造業,ESVUFR,2501,國建
1978-03-14,TW0002504008,1978/03/14,上市,建材營造業,ESVUFR,2504,國產
1979-11-14,TW0002505005,1979/11/14,上市,建材營造業,ESVUFR,2505,國揚
1980-02-02,TW0002506003,1980/02/02,上市,建材營造業,ESVUFR,2506,太設
1988-05-20,TW0002509007,1988/05/20,上市,建材營造業,ESVUFR,2509,全坤建
1991-04-24,TW0002511003,1991/04/24,上市,建材營造業,ESVUFR,2511,太子
1992-09-26,TW0002514007,1992/09/26,上市,其他業,ESVUFR,2514,龍邦
1993-03-02,TW0002515004,1993/03/02,上市,建材營造業,ESVUFR,2515,中工
1993-05-25,TW0002516002,1993/05/25,上市,建材營造業,ESVUFR,2516,新建
1993-10-27,TW0002520004,1993/10/27,上市,建材營造業,ESVUFR,2520,冠德
1994-10-18,TW0002524006,1994/10/18,上市,建材營造業,ESVUFR,2524,京城
1995-03-06,TW0002527009,1995/03/06,上市,建材營造業,ESVUFR,2527,宏璟
1995-03-10,TW0002528007,1995/03/10,上市,建材營造業,ESVUFR,2528,皇普
1995-10-12,TW0002530003,1995/10/12,上市,建材營造業,ESVUFR,2530,華建
1996-02-12,TW0002534005,1996/02/12,上市,建材營造業,ESVUFR,2534,宏盛
1996-03-11,TW0002535002,1996/03/11,上市,建材營造業,ESVUFR,2535,達欣工
1996-03-14,TW0002536000,1996/03/14,上市,建材營造業,ESVUFR,2536,宏普
1996-09-06,TW0002537008,1996/09/06,上市,建材營造業,ESVUFR,2537,聯上發
1996-11-01,TW0002538006,1996/11/01,上市,建材營造業,ESVUFR,2538,基泰
1997-07-16,TW0002539004,1997/07/16,上市,建材營造業,ESVUFR,2539,櫻花建
1989-12-26,TW0002540002,1989/12/26,上市,建材營造業,ESVUFR,2540,愛山林
1999-05-03,TW0002542008,1999/05/03,上市,建材營造業,ESVUFR,2542,興富發
1999-10-15,TW0002543006,1999/10/15,上市,建材營造業,ESVUFR,2543,皇昌
2000-09-11,TW0002545001,2000/09/11,上市,建材營造業,ESVUFR,2545,皇翔
2000-09-11,TW0002546009,2000/09/11,上市,建材營造業,ESVUFR,2546,根基
2000-12-22,TW0002547007,2000/12/22,上市,建材營造業,ESVUFR,2547,日勝生
2002-08-26,TW0002548005,2002/08/26,上市,建材營造業,ESVUFR,2548,華固
2010-03-26,TW0002597002,2010/03/26,上市,建材營造業,ESVUFR,2597,潤弘
1965-11-04,TW0002601002,1965/11/04,上市,貿易百貨業,ESVUFR,2601,益航
1987-09-21,TW0002603008,1987/09/21,上市,航運業,ESVUFR,2603,長榮
1989-12-08,TW0002605003,1989/12/08,上市,航運業,ESVUFR,2605,新興
1990-12-08,TW0002606001,1990/12/08,上市,航運業,ESVUFR,2606,裕民
1990-12-14,TW0002607009,1990/12/14,上市,航運業,ESVUFR,2607,榮運
1990-12-20,TW0002608007,1990/12/20,上市,航運業,ESVUFR,2608,大榮
1992-04-20,TW0002609005,1992/04/20,上市,航運業,ESVUFR,2609,陽明
1993-02-26,TW0002610003,1993/02/26,上市,航運業,ESVUFR,2610,華航
1993-10-28,TW0002611001,1993/10/28,上市,航運業,ESVUFR,2611,志信
1994-10-20,TW0002612009,1994/10/20,上市,航運業,ESVUFR,2612,中航
1995-01-20,TW0002613007,1995/01/20,上市,航運業,ESVUFR,2613,中櫃
1995-09-23,TW0002614005,1995/09/23,上市,貿易百貨業,ESVUFR,2614,東森
1996-05-16,TW0002615002,1996/05/16,上市,航運業,ESVUFR,2615,萬海
1997-11-08,TW0002616000,1997/11/08,上市,油電燃氣業,ESVUFR,2616,山隆
1998-06-24,TW0002617008,1998/06/24,上市,航運業,ESVUFR,2617,台航
2001-09-17,TW0002618006,2001/09/17,上市,航運業,ESVUFR,2618,長榮航
2016-10-27,TW0002633005,2016/10/27,上市,航運業,ESVUFR,2633,台灣高鐵
2014-08-25,TW0002634003,2014/08/25,上市,航運業,ESVUFR,2634,漢翔
2010-12-01,KYG9721M1033,2010/12/01,上市,航運業,ESVUFR,2637,慧洋-KY
2013-12-12,TW0002642006,2013/12/12,上市,航運業,ESVUFR,2642,宅配通
1965-03-22,TW0002701000,1965/03/22,上市,觀光事業,ESVUFR,2701,萬企
1965-02-14,TW0002702008,1965/02/14,上市,觀光事業,ESVUFR,2702,華園
1982-11-10,TW0002704004,1982/11/10,上市,觀光事業,ESVUFR,2704,國賓
1988-12-24,TW0002705001,1988/12/24,上市,觀光事業,ESVUFR,2705,六福
1991-06-25,TW0002706009,1991/06/25,上市,觀光事業,ESVUFR,2706,第一店
1998-03-09,TW0002707007,1998/03/09,上市,觀光事業,ESVUFR,2707,晶華
2013-12-03,TW0002712007,2013/12/03,上市,觀光事業,ESVUFR,2712,遠雄來
2012-03-14,TW0002722006,2012/03/14,上市,觀光事業,ESVUFR,2722,夏都
2010-11-22,KYG4002A1004,2010/11/22,上市,觀光事業,ESVUFR,2723,美食-KY
2012-03-06,TW0002727005,2012/03/06,上市,觀光事業,ESVUFR,2727,王品
2013-09-24,TW0002731007,2013/09/24,上市,觀光事業,ESVUFR,2731,雄獅
2016-05-19,TW0002739000,2016/05/19,上市,觀光事業,ESVUFR,2739,寒舍
2016-11-23,TW0002748001,2016/11/23,上市,觀光事業,ESVUFR,2748,雲品
1962-02-15,TW0002801008,1962/02/15,上市,金融保險業,ESVUFR,2801,彰銀
1983-07-20,TW0002809001,1983/07/20,上市,金融保險業,ESVUFR,2809,京城銀
1984-05-15,TW0002812005,1984/05/15,上市,金融保險業,ESVUFR,2812,台中銀
1992-05-05,TW0002816006,1992/05/05,上市,金融保險業,ESVUFR,2816,旺旺保
1994-10-26,TW0002820008,1994/10/26,上市,金融保險業,ESVUFR,2820,華票
1995-02-08,TW0002823002,1995/02/08,上市,金融保險業,ESVUFR,2823,中壽
1997-09-30,TW0002832003,1997/09/30,上市,金融保險業,ESVUFR,2832,台產
1998-01-03,TW0002834009,1998/01/03,上市,金融保險業,ESVUFR,2834,臺企銀
1998-05-18,TW0002836004,1998/05/18,上市,金融保險業,ESVUFR,2836,高雄銀
1998-06-29,TW0002838000,1998/06/29,上市,金融保險業,ESVUFR,2838,聯邦銀
1999-01-08,TW0002841004,1999/01/08,上市,建材營造業,ESVUFR,2841,台開
1998-11-27,TW0002845005,1998/11/27,上市,金融保險業,ESVUFR,2845,遠東銀
1999-09-27,TW0002849007,1999/09/27,上市,金融保險業,ESVUFR,2849,安泰銀
2000-05-22,TW0002850005,2000/05/22,上市,金融保險業,ESVUFR,2850,新產
2000-07-06,TW0002851003,2000/07/06,上市,金融保險業,ESVUFR,2851,中再保
2000-11-28,TW0002852001,2000/11/28,上市,金融保險業,ESVUFR,2852,第一保
2002-09-16,TW0002855004,2002/09/16,上市,金融保險業,ESVUFR,2855,統一證
2002-09-16,TW0002856002,2002/09/16,上市,金融保險業,ESVUFR,2856,元富證
2012-12-18,TW0002867009,2012/12/18,上市,金融保險業,ESVUFR,2867,三商壽
2001-12-19,TW0002880002,2001/12/19,上市,金融保險業,ESVUFR,2880,華南金
2001-12-19,TW0002881000,2001/12/19,上市,金融保險業,ESVUFR,2881,富邦金
2001-12-31,TW0002882008,2001/12/31,上市,金融保險業,ESVUFR,2882,國泰金
2001-12-28,TW0002883006,2001/12/28,上市,金融保險業,ESVUFR,2883,開發金
2002-01-28,TW0002884004,2002/01/28,上市,金融保險業,ESVUFR,2884,玉山金
2002-02-04,TW0002885001,2002/02/04,上市,金融保險業,ESVUFR,2885,元大金
2002-02-04,TW0002886009,2002/02/04,上市,金融保險業,ESVUFR,2886,兆豐金
2002-02-18,TW0002887007,2002/02/18,上市,金融保險業,ESVUFR,2887,台新金
2002-02-19,TW0002888005,2002/02/19,上市,金融保險業,ESVUFR,2888,新光金
2002-03-26,TW0002889003,2002/03/26,上市,金融保險業,ESVUFR,2889,國票金
2002-05-09,TW0002890001,2002/05/09,上市,金融保險業,ESVUFR,2890,永豐金
2002-05-17,TW0002891009,2002/05/17,上市,金融保險業,ESVUFR,2891,中信金
2003-01-02,TW0002892007,2003/01/02,上市,金融保險業,ESVUFR,2892,第一金
1976-05-07,TW0002901006,1976/05/07,上市,貿易百貨業,ESVUFR,2901,欣欣
1978-10-11,TW0002903002,1978/10/11,上市,貿易百貨業,ESVUFR,2903,遠百
1983-01-05,TW0002904000,1983/01/05,上市,其他業,ESVUFR,2904,匯僑
1988-09-19,TW0002905007,1988/09/19,上市,貿易百貨業,ESVUFR,2905,三商
1989-12-26,TW0002906005,1989/12/26,上市,貿易百貨業,ESVUFR,2906,高林
1993-02-18,TW0002908001,1993/02/18,上市,貿易百貨業,ESVUFR,2908,特力
1996-12-30,TW0002910007,1996/12/30,上市,貿易百貨業,ESVUFR,2910,統領
1997-01-18,TW0002911005,1997/01/18,上市,貿易百貨業,ESVUFR,2911,麗嬰房
1997-08-22,TW0002912003,1997/08/22,上市,貿易百貨業,ESVUFR,2912,統一超
1962-02-09,TW0002913001,1962/02/09,上市,貿易百貨業,ESVUFR,2913,農林
1977-07-20,TW0002915006,1977/07/20,上市,貿易百貨業,ESVUFR,2915,潤泰全
2012-12-07,KYG8190L1095,2012/12/07,上市,建材營造業,ESVUFR,2923,鼎固-KY
2013-12-30,KYG8922A1085,2013/12/30,上市,貿易百貨業,ESVUFR,2929,淘帝-KY
2016-09-26,KYG224031024,2016/09/26,上市,貿易百貨業,ESVUFR,2936,客思達-KY
2002-01-23,TW0003002002,2002/01/23,上市,電腦及週邊設備業,ESVUFR,3002,歐格
2002-02-19,TW0003003000,2002/02/19,上市,電子零組件業,ESVUFR,3003,健和興
2002-02-25,TW0003004008,2002/02/25,上市,鋼鐵工業,ESVUFR,3004,豐達科
2002-02-25,TW0003005005,2002/02/25,上市,電腦及週邊設備業,ESVUFR,3005,神基
2002-03-04,TW0003006003,2002/03/04,上市,半導體業,ESVUFR,3006,晶豪科
2002-03-11,TW0003008009,2002/03/11,上市,光電業,ESVUFR,3008,大立光
2002-07-22,TW0003010005,2002/07/22,上市,電子通路業,ESVUFR,3010,華立
2002-07-22,TW0003011003,2002/07/22,上市,電子零組件業,ESVUFR,3011,今皓
2002-09-16,TW0003013009,2002/09/16,上市,電腦及週邊設備業,ESVUFR,3013,晟銘電
2002-10-29,TW0003014007,2002/10/29,上市,半導體業,ESVUFR,3014,聯陽
2002-10-16,TW0003015004,2002/10/16,上市,電子零組件業,ESVUFR,3015,全漢
2002-12-24,TW0003016002,2002/12/24,上市,半導體業,ESVUFR,3016,嘉晶
2002-09-27,TW0003017000,2002/09/27,上市,電腦及週邊設備業,ESVUFR,3017,奇鋐
2002-08-26,TW0003018008,2002/08/26,上市,其他電子業,ESVUFR,3018,同開
2002-08-26,TW0003019006,2002/08/26,上市,光電業,ESVUFR,3019,亞光
2002-08-26,TW0003021002,2002/08/26,上市,電子零組件業,ESVUFR,3021,鴻名
2002-08-26,TW0003022000,2002/08/26,上市,電腦及週邊設備業,ESVUFR,3022,威強電
2002-08-26,TW0003023008,2002/08/26,上市,電子零組件業,ESVUFR,3023,信邦
2002-08-26,TW0003024006,2002/08/26,上市,光電業,ESVUFR,3024,憶聲
2002-08-26,TW0003025003,2002/08/26,上市,通信網路業,ESVUFR,3025,星通
2002-08-26,TW0003026001,2002/08/26,上市,電子零組件業,ESVUFR,3026,禾伸堂
2002-08-26,TW0003027009,2002/08/26,上市,通信網路業,ESVUFR,3027,盛達
2002-08-26,TW0003028007,2002/08/26,上市,電子通路業,ESVUFR,3028,增你強
2002-08-26,TW0003029005,2002/08/26,上市,資訊服務業,ESVUFR,3029,零壹
2002-10-29,TW0003030003,2002/10/29,上市,其他電子業,ESVUFR,3030,德律
2002-08-26,TW0003031001,2002/08/26,上市,光電業,ESVUFR,3031,佰鴻
2002-08-26,TW0003032009,2002/08/26,上市,電子零組件業,ESVUFR,3032,偉訓
2002-08-26,TW0003033007,2002/08/26,上市,電子通路業,ESVUFR,3033,威健
2002-08-26,TW0003034005,2002/08/26,上市,半導體業,ESVUFR,3034,聯詠
2002-08-26,TW0003035002,2002/08/26,上市,半導體業,ESVUFR,3035,智原
2002-08-26,TW0003036000,2002/08/26,上市,電子通路業,ESVUFR,3036,文曄
2002-08-26,TW0003037008,2002/08/26,上市,電子零組件業,ESVUFR,3037,欣興
2002-08-26,TW0003038006,2002/08/26,上市,光電業,ESVUFR,3038,全台
2002-08-26,TW0003040002,2002/08/26,上市,其他業,ESVUFR,3040,遠見
2002-08-26,TW0003041000,2002/08/26,上市,半導體業,ESVUFR,3041,揚智
2002-08-26,TW0003042008,2002/08/26,上市,電子零組件業,ESVUFR,3042,晶技
2002-08-26,TW0003043006,2002/08/26,上市,其他電子業,ESVUFR,3043,科風
2002-08-26,TW0003044004,2002/08/26,上市,電子零組件業,ESVUFR,3044,健鼎
2002-08-26,TW0003045001,2002/08/26,上市,通信網路業,ESVUFR,3045,台灣大
2002-08-26,TW0003046009,2002/08/26,上市,電腦及週邊設備業,ESVUFR,3046,建��
2002-08-26,TW0003047007,2002/08/26,上市,通信網路業,ESVUFR,3047,訊舟
2002-10-01,TW0003048005,2002/10/01,上市,電子通路業,ESVUFR,3048,益登
2002-09-27,TW0003049003,2002/09/27,上市,光電業,ESVUFR,3049,和鑫
2002-10-29,TW0003050001,2002/10/29,上市,光電業,ESVUFR,3050,鈺德
2002-10-28,TW0003051009,2002/10/28,上市,光電業,ESVUFR,3051,力特
1995-11-25,TW0003052007,1995/11/25,上市,建材營造業,ESVUFR,3052,夆典
2002-11-18,TW0003054003,2002/11/18,上市,半導體業,ESVUFR,3054,立萬利
2002-12-12,TW0003055000,2002/12/12,上市,電子通路業,ESVUFR,3055,蔚華科
2003-03-03,TW0003056008,2003/03/03,上市,建材營造業,ESVUFR,3056,總太
2002-12-18,TW0003057006,2002/12/18,上市,電腦及週邊設備業,ESVUFR,3057,喬鼎
2002-12-09,TW0003058004,2002/12/09,上市,電子零組件業,ESVUFR,3058,立德
2002-12-24,TW0003059002,2002/12/24,上市,光電業,ESVUFR,3059,華晶科
2003-04-21,TW0003060000,2003/04/21,上市,電腦及週邊設備業,ESVUFR,3060,銘異
2003-07-28,TW0003062006,2003/07/28,上市,通信網路業,ESVUFR,3062,建漢
2007-12-31,TW0003090007,2007/12/31,上市,電子零組件業,ESVUFR,3090,日電貿
2007-08-06,TW0003094009,2007/08/06,上市,半導體業,ESVUFR,3094,聯傑
2006-02-17,TW0003130001,2006/02/17,上市,資訊服務業,ESVUFR,3130,一零四
2011-11-23,TW0003149001,2011/11/23,上市,光電業,ESVUFR,3149,正達
2010-03-22,TW0003164000,2010/03/22,上市,生技醫療業,ESVUFR,3164,景岳
2013-10-21,TW0003167003,2013/10/21,上市,電機機械,ESVUFR,3167,大量
2004-11-01,TW0003189007,2004/11/01,上市,半導體業,ESVUFR,3189,景碩
2008-11-26,TW0003209003,2008/11/26,上市,電子通路業,ESVUFR,3209,全科
2009-12-31,TW0003229001,2009/12/31,上市,電子零組件業,ESVUFR,3229,晟鈦
2003-08-19,TW0003231007,2003/08/19,上市,電腦及週邊設備業,ESVUFR,3231,緯創
2011-03-21,TW0003257002,2011/03/21,上市,半導體業,ESVUFR,3257,虹冠電
2014-12-24,TW0003266003,2014/12/24,上市,建材營造業,ESVUFR,3266,昇陽
2007-12-31,TW0003296000,2007/12/31,上市,電子零組件業,ESVUFR,3296,勝德
2008-07-10,TW0003305009,2008/07/10,上市,其他電子業,ESVUFR,3305,昇貿
2008-03-12,TW0003308003,2008/03/12,上市,電子零組件業,ESVUFR,3308,聯德
2004-03-08,TW0003311007,2004/03/08,上市,通信網路業,ESVUFR,3311,閎暉
2010-12-29,TW0003312005,2010/12/29,上市,電子通路業,ESVUFR,3312,弘憶股
2006-10-26,TW0003315008,2006/10/26,上市,電子通路業,ESVUFR,3315,宣昶
2015-12-15,TW0003321006,2015/12/15,上市,電子零組件業,ESVUFR,3321,同泰
2013-12-13,TW0003338000,2013/12/13,上市,電子零組件業,ESVUFR,3338,泰碩
2005-03-28,TW0003356002,2005/03/28,上市,光電業,ESVUFR,3356,奇偶
2007-12-31,TW0003376000,2007/12/31,上市,電子零組件業,ESVUFR,3376,新日興
2004-12-20,TW0003380002,2004/12/20,上市,通信網路業,ESVUFR,3380,明泰
2007-12-10,TW0003383006,2007/12/10,上市,光電業,ESVUFR,3383,新世紀
2005-12-20,TW0003406005,2005/12/20,上市,光電業,ESVUFR,3406,玉晶光
2015-07-28,TW0003413001,2015/07/28,上市,半導體業,ESVUFR,3413,京鼎
2015-01-23,TW0003416004,2015/01/23,上市,電腦及週邊設備業,ESVUFR,3416,融程電
2008-01-21,TW0003419008,2008/01/21,上市,通信網路業,ESVUFR,3419,譁裕
2010-12-30,TW0003432001,2010/12/30,上市,電子零組件業,ESVUFR,3432,台端
2014-07-09,TW0003437000,2014/07/09,上市,光電業,ESVUFR,3437,榮創
2006-11-03,TW0003443008,2006/11/03,上市,半導體業,ESVUFR,3443,創意
2006-04-12,TW0003450003,2006/04/12,上市,其他電子業,ESVUFR,3450,聯鈞
2011-07-22,TW0003454005,2011/07/22,上市,光電業,ESVUFR,3454,晶睿
2006-10-24,TW0003481008,2006/10/24,上市,光電業,ESVUFR,3481,群創
2007-12-13,TW0003494001,2007/12/13,上市,電腦及週邊設備業,ESVUFR,3494,誠研
2007-09-20,TW0003501003,2007/09/20,上市,電子零組件業,ESVUFR,3501,維熹
2007-01-26,TW0003504007,2007/01/26,上市,光電業,ESVUFR,3504,揚明光
2007-11-02,TW0003514006,2007/11/02,上市,光電業,ESVUFR,3514,昱晶
2007-11-08,TW0003515003,2007/11/08,上市,電腦及週邊設備業,ESVUFR,3515,華擎
2007-11-28,TW0003518007,2007/11/28,上市,其他電子業,ESVUFR,3518,柏騰
2008-01-25,TW0003519005,2008/01/25,上市,半導體業,ESVUFR,3519,綠能
2016-05-18,TW0003528006,2016/05/18,上市,電子通路業,ESVUFR,3528,安馳
2007-12-10,TW0003532008,2007/12/10,上市,半導體業,ESVUFR,3532,台勝科
2007-12-10,TW0003533006,2007/12/10,上市,電子零組件業,ESVUFR,3533,嘉澤
2008-01-31,TW0003535001,2008/01/31,上市,光電業,ESVUFR,3535,晶彩科
2008-04-30,TW0003536009,2008/04/30,上市,半導體業,ESVUFR,3536,誠創
2007-07-03,TW0003545000,2007/07/03,上市,半導體業,ESVUFR,3545,敦泰
2010-11-10,TW0003550000,2010/11/10,上市,電子零組件業,ESVUFR,3550,聯穎
2008-02-27,TW0003557005,2008/02/27,上市,光電業,ESVUFR,3557,嘉威
2008-10-23,TW0003559001,2008/10/23,上市,半導體業,ESVUFR,3559,全智科
2008-12-05,TW0003561007,2008/12/05,上市,光電業,ESVUFR,3561,昇陽光電
2009-01-12,TW0003576005,2009/01/12,上市,光電業,ESVUFR,3576,新日光
2009-12-23,TW0003579009,2009/12/23,上市,半導體業,ESVUFR,3579,尚志
2013-03-12,TW0003583001,2013/03/12,上市,半導體業,ESVUFR,3583,辛耘
2009-08-14,TW0003588000,2009/08/14,上市,半導體業,ESVUFR,3588,通嘉
2010-11-12,TW0003591004,2010/11/12,上市,光電業,ESVUFR,3591,艾笛森
2009-03-16,TW0003593000,2009/03/16,上市,電子零組件業,ESVUFR,3593,力銘
2009-03-11,TW0003596003,2009/03/11,上市,通信網路業,ESVUFR,3596,智易
2009-03-26,TW0003605002,2009/03/26,上市,電子零組件業,ESVUFR,3605,宏致
2009-10-28,TW0003607008,2009/10/28,上市,電子零組件業,ESVUFR,3607,谷崧
2009-12-23,TW0003617007,2009/12/23,上市,其他電子業,ESVUFR,3617,碩天
2009-03-25,TW0003622007,2009/03/25,上市,光電業,ESVUFR,3622,洋華
2011-10-05,TW0003645008,2011/10/05,上市,電子零組件業,ESVUFR,3645,達邁
2009-11-18,TW0003653002,2009/11/18,上市,電子零組件業,ESVUFR,3653,健策
2010-12-23,KYG022421088,2010/12/23,上市,半導體業,ESVUFR,3661,世芯-KY
2011-04-21,KYG114741062,2011/04/21,上市,其他電子業,ESVUFR,3665,貿聯-KY
2011-08-25,TW0003669008,2011/08/25,上市,光電業,ESVUFR,3669,圓展
2010-10-29,KYG898431096,2010/10/29,上市,光電業,ESVTFR,3673,TPK-KY
2011-10-05,TW0003679007,2011/10/05,上市,電子零組件業,ESVUFR,3679,新至陞
2013-08-05,TW0003682001,2013/08/05,上市,通信網路業,ESVUFR,3682,亞太電
2010-07-20,TW0003686002,2010/07/20,上市,半導體業,ESVUFR,3686,達能
2011-05-03,TW0003694006,2011/05/03,上市,通信網路業,ESVUFR,3694,海華
2011-09-29,TW0003698007,2011/09/29,上市,光電業,ESVUFR,3698,隆達
2004-08-30,TW0003701009,2004/08/30,上市,電腦及週邊設備業,ESVUFR,3701,大眾控
2005-11-09,TW0003702007,2005/11/09,上市,電子通路業,ESVUFR,3702,大聯大
2010-04-08,TW0003703005,2010/04/08,上市,建材營造業,ESVUFR,3703,欣陸
2010-08-16,TW0003704003,2010/08/16,上市,通信網路業,ESVUFR,3704,合勤控
2011-01-03,TW0003705000,2011/01/03,上市,生技醫療業,ESVUFR,3705,永信
2013-09-12,TW0003706008,2013/09/12,上市,電腦及週邊設備業,ESVUFR,3706,神達
2016-08-31,TW0003708004,2016/08/31,上市,化學工業,ESVUFR,3708,上緯投控
2007-12-31,TW0004104005,2007/12/31,上市,生技醫療業,ESVUFR,4104,佳醫
2004-11-08,TW0004106000,2004/11/08,上市,生技醫療業,ESVUFR,4106,雃博
2008-07-16,TW0004108006,2008/07/16,上市,生技醫療業,ESVUFR,4108,懷特
2004-01-07,TW0004119003,2004/01/07,上市,生技醫療業,ESVUFR,4119,旭富
2009-12-28,TW0004133004,2009/12/28,上市,生技醫療業,ESVUFR,4133,亞諾法
2013-11-27,KYG211641017,2013/11/27,上市,生技醫療業,ESVUFR,4137,麗豐-KY
2012-04-25,KYG7644E1098,2012/04/25,上市,生技醫療業,ESVUFR,4141,龍燈-KY
2012-05-03,TW0004142005,2012/05/03,上市,生技醫療業,ESVUFR,4142,國光生
2011-10-05,KYG2379A1094,2011/10/05,上市,生技醫療業,ESVUFR,4144,康聯-KY
2012-10-24,TW0004164009,2012/10/24,上市,生技醫療業,ESVUFR,4164,承業醫
2015-10-21,KYG518761039,2015/10/21,上市,生技醫療業,ESVUFR,4190,佐登-KY
2008-01-21,TW0004306006,2008/01/21,上市,塑膠工業,ESVUFR,4306,炎洲
2004-09-06,TW0004414008,2004/09/06,上市,紡織纖維,ESVUFR,4414,如興
2011-12-16,TW0004426002,2011/12/16,上市,紡織纖維,ESVUFR,4426,利勤
2016-10-18,TW0004438007,2016/10/18,上市,紡織纖維,ESVUFR,4438,廣越
2003-09-15,TW0004526009,2003/09/15,上市,電機機械,ESVUFR,4526,東台
2003-08-04,TW0004532007,2003/08/04,上市,電機機械,ESVUFR,4532,瑞智
2013-10-09,TW0004536008,2013/10/09,上市,其他業,ESVUFR,4536,拓凱
2016-01-06,TW0004545009,2016/01/06,上市,電子零組件業,ESVUFR,4545,銘鈺
2015-08-10,TW0004551007,2015/08/10,上市,電機機械,ESVUFR,4551,智伸科
2016-07-20,KYG5479W1033,2016/07/20,上市,電機機械,ESVUFR,4552,力達-KY
2015-10-27,TW0004555008,2015/10/27,上市,電機機械,ESVUFR,4555,氣立
2015-10-12,KYG988461011,2015/10/12,上市,電機機械,ESVUFR,4557,永新-KY
2015-06-24,TW0004720008,2015/06/24,上市,化學工業,ESVUFR,4720,德淵
2012-08-15,TW0004722004,2012/08/15,上市,化學工業,ESVUFR,4722,國精化
2007-10-02,TW0004725007,2007/10/02,上市,化學工業,ESVUFR,4725,信昌化
2010-12-23,TW0004737002,2010/12/23,上市,生技醫療業,ESVUFR,4737,華廣
2011-03-01,TW0004746003,2011/03/01,上市,生技醫療業,ESVUFR,4746,台耀
2013-11-27,TW0004755004,2013/11/27,上市,化學工業,ESVUFR,4755,三福化
2015-11-09,KYG5138S1057,2015/11/09,上市,化學工業,ESVUFR,4763,材料-KY
2005-08-24,TW0004904008,2005/08/24,上市,通信網路業,ESVUFR,4904,遠傳
2003-06-30,TW0004906003,2003/06/30,上市,通信網路業,ESVUFR,4906,正文
2015-05-21,KYG545091079,2015/05/21,上市,電子零組件業,ESVUFR,4912,聯德控股-KY
2012-10-05,TW0004915004,2012/10/05,上市,電腦及週邊設備業,ESVUFR,4915,致伸
2013-11-21,TW0004916002,2013/11/21,上市,電腦及週邊設備業,ESVUFR,4916,事欣科
2010-09-27,TW0004919006,2010/09/27,上市,半導體業,ESVUFR,4919,新唐
2015-09-08,KYG0407M1033,2015/09/08,上市,電子零組件業,ESVUFR,4927,泰鼎-KY
2010-06-21,TW0004930003,2010/06/21,上市,電器電纜,ESVUFR,4930,燦星網
2010-03-10,TW0004934005,2010/03/10,上市,光電業,ESVUFR,4934,太極
2011-07-28,KYG3931M1024,2011/07/28,上市,光電業,ESVUFR,4935,茂林-KY
2010-06-24,TW0004938006,2010/06/24,上市,電腦及週邊設備業,ESVUFR,4938,和碩
2011-06-27,TW0004942008,2011/06/27,上市,光電業,ESVUFR,4942,嘉彰
2016-11-11,KYG2346M1033,2016/11/11,上市,電子零組件業,ESVUFR,4943,康控-KY
2011-11-01,TW0004952007,2011/11/01,上市,半導體業,ESVUFR,4952,凌通
2011-10-24,TW0004956008,2011/10/24,上市,光電業,ESVUFR,4956,光鋐
2011-12-26,KYG989221000,2011/12/26,上市,電子零組件業,ESVUFR,4958,臻鼎-KY
2011-10-24,TW0004960000,2011/10/24,上市,光電業,ESVUFR,4960,奇美材
2015-11-13,TW0004968003,2015/11/13,上市,半導體業,ESVUFR,4968,立積
2012-11-20,TW0004976006,2012/11/20,上市,光電業,ESVUFR,4976,佳凌
2013-11-20,KYG6956N1034,2013/11/20,上市,通信網路業,ESVUFR,4977,眾達-KY
2011-08-31,KYG190621014,2011/08/31,上市,通信網路業,ESVUFR,4984,科納-KY
2013-12-25,TW0004994009,2013/12/25,上市,資訊服務業,ESVUFR,4994,傳奇
2013-06-03,TW0004999008,2013/06/03,上市,電子零組件業,ESVUFR,4999,鑫禾
2011-09-16,TW0005007009,2011/09/16,上市,鋼鐵工業,ESVUFR,5007,三星
2004-09-27,TW0005203004,2004/09/27,上市,資訊服務業,ESVUFR,5203,訊連
2011-12-26,KYG530791022,2011/12/26,上市,電腦及週邊設備業,ESVUFR,5215,科嘉-KY
2012-11-05,KYG291021031,2012/11/05,上市,其他電子業,ESVUFR,5225,東科-KY
2012-07-16,TW0005234009,2012/07/16,上市,光電業,ESVUFR,5234,達興材料
2013-11-25,KYG312361051,2013/11/25,上市,光電業,ESVUFR,5243,乙盛-KY
2013-12-03,TW0005259006,2013/12/03,上市,光電業,ESVUFR,5259,清惠
2013-01-25,KYG193031096,2013/01/25,上市,電腦及週邊設備業,ESVUFR,5264,鎧勝-KY
2012-12-12,TW0005269005,2012/12/12,上市,半導體業,ESVUFR,5269,祥碩
2014-02-25,TW0005285001,2014/02/25,上市,半導體業,ESVUFR,5285,界霖
2014-09-25,KYG314551014,2014/09/25,上市,電機機械,ESVUFR,5288,豐祥-KY
2004-07-19,TW0005305007,2004/07/19,上市,半導體業,ESVUFR,5305,敦南
2007-12-03,TW0005388003,2007/12/03,上市,通信網路業,ESVUFR,5388,中磊
2003-08-25,TW0005434005,2003/08/25,上市,電子通路業,ESVUFR,5434,崇越
2003-08-25,TW0005469001,2003/08/25,上市,電子零組件業,ESVUFR,5469,瀚宇博
2003-08-25,TW0005471007,2003/08/25,上市,半導體業,ESVUFR,5471,松翰
2003-08-25,TW0005484000,2003/08/25,上市,光電業,ESVUFR,5484,慧友
2003-10-06,TW0005515001,2003/10/06,上市,建材營造業,ESVUFR,5515,建國
2014-02-10,TW0005519003,2014/02/10,上市,建材營造業,ESVUFR,5519,隆大
2012-12-18,TW0005521009,2012/12/18,上市,建材營造業,ESVUFR,5521,工信
2007-08-06,TW0005522007,2007/08/06,上市,建材營造業,ESVUFR,5522,遠雄
2004-11-26,TW0005525000,2004/11/26,上市,建材營造業,ESVUFR,5525,順天
2005-01-31,TW0005531008,2005/01/31,上市,建材營造業,ESVUFR,5531,鄉林
2008-04-30,TW0005533004,2008/04/30,上市,建材營造業,ESVUFR,5533,皇鼎
2004-05-24,TW0005534002,2004/05/24,上市,建材營造業,ESVUFR,5534,長虹
2013-12-16,KYG8919A1031,2013/12/16,上市,鋼鐵工業,ESVUFR,5538,東明-KY
2004-12-02,TW0005607006,2004/12/02,上市,航運業,ESVUFR,5607,遠雄港
2003-08-25,TW0005608004,2003/08/25,上市,航運業,ESVUFR,5608,四維航
2011-10-21,TW0005706006,2011/10/21,上市,觀光事業,ESVUFR,5706,鳳凰
2011-12-13,KYG202881093,2011/12/13,上市,其他業,ESVUFR,5871,中租-KY
2011-12-01,TW0005880009,2011/12/01,上市,金融保險業,ESVUFR,5880,合庫金
2011-10-24,KYG8661M1078,2011/10/24,上市,貿易百貨業,ESVUFR,5906,台南-KY
2012-06-06,KYG4064G1029,2012/06/06,上市,貿易百貨業,ESVUFR,5907,大洋-KY
2005-11-21,TW0006005002,2005/11/21,上市,金融保險業,ESVUFR,6005,群益證
2008-12-30,TW0006108004,2008/12/30,上市,電子零組件業,ESVUFR,6108,競國
2003-08-04,TW0006112006,2003/08/04,上市,資訊服務業,ESVUFR,6112,聚碩
2004-07-19,TW0006115009,2004/07/19,上市,電子零組件業,ESVUFR,6115,鎰勝
2004-09-06,TW0006116007,2004/09/06,上市,光電業,ESVUFR,6116,彩晶
2003-08-25,TW0006117005,2003/08/25,上市,電腦及週邊設備業,ESVUFR,6117,迎廣
2006-09-13,TW0006120009,2006/09/13,上市,光電業,ESVUFR,6120,達運
2003-06-16,TW0006128002,2003/06/16,上市,電腦及週邊設備業,ESVUFR,6128,上福
2004-09-27,TW0006131006,2004/09/27,上市,光電業,ESVUFR,6131,悠克
2003-08-15,TW0006133002,2003/08/15,上市,電子零組件業,ESVUFR,6133,金橋
2003-08-25,TW0006136005,2003/08/25,上市,通信網路業,ESVUFR,6136,富爾特
2003-08-25,TW0006139009,2003/08/25,上市,其他電子業,ESVUFR,6139,亞翔
2003-10-22,TW0006141005,2003/10/22,上市,電子零組件業,ESVUFR,6141,柏承
2003-08-04,TW0006142003,2003/08/04,上市,通信網路業,ESVUFR,6142,友勁
2003-08-25,TW0006145006,2003/08/25,上市,電子通路業,ESVUFR,6145,勁永
2009-12-08,TW0006152002,2009/12/08,上市,通信網路業,ESVUFR,6152,百一
2008-01-21,TW0006153000,2008/01/21,上市,電子零組件業,ESVUFR,6153,嘉聯益
2006-08-18,TW0006155005,2006/08/18,上市,電子零組件業,ESVUFR,6155,鈞寶
2008-10-21,TW0006164007,2008/10/21,上市,光電業,ESVUFR,6164,華興
2003-08-04,TW0006165004,2003/08/04,上市,電子零組件業,ESVUFR,6165,捷泰
2004-11-08,TW0006166002,2004/11/08,上市,電腦及週邊設備業,ESVUFR,6166,凌華
2003-08-25,TW0006168008,2003/08/25,上市,光電業,ESVUFR,6168,宏齊
2004-05-24,TW0006172000,2004/05/24,上市,電腦及週邊設備業,ESVUFR,6172,互億
2007-05-15,TW0006176001,2007/05/15,上市,光電業,ESVUFR,6176,瑞儀
2013-08-01,TW0006177009,2013/08/01,上市,建材營造業,ESVUFR,6177,達麗
2011-12-01,TW0006183007,2011/12/01,上市,資訊服務業,ESVUFR,6183,關貿
2005-02-15,TW0006184005,2005/02/15,上市,其他業,ESVUFR,6184,大豐電
2004-05-24,TW0006189004,2004/05/24,上市,電子通路業,ESVUFR,6189,豐藝
2007-10-19,TW0006191000,2007/10/19,上市,電子零組件業,ESVUFR,6191,精成科
2004-09-27,TW0006192008,2004/09/27,上市,其他電子業,ESVUFR,6192,巨路
2004-05-24,TW0006196009,2004/05/24,上市,其他電子業,ESVUFR,6196,帆宣
2004-11-08,TW0006197007,2004/11/08,上市,電子零組件業,ESVUFR,6197,佳必琪
2004-09-27,TW0006201007,2004/09/27,上市,其他電子業,ESVUFR,6201,亞弘電
2004-09-27,TW0006202005,2004/09/27,上市,半導體業,ESVUFR,6202,盛群
2008-01-21,TW0006205008,2008/01/21,上市,電子零組件業,ESVUFR,6205,詮欣
2004-08-03,TW0006206006,2004/08/03,上市,電腦及週邊設備業,ESVUFR,6206,飛捷
2004-11-08,TW0006209000,2004/11/08,上市,光電業,ESVUFR,6209,今國光
2008-01-21,TW0006213002,2008/01/21,上市,電子零組件業,ESVUFR,6213,聯茂
2010-12-30,TW0006214000,2010/12/30,上市,資訊服務業,ESVUFR,6214,精誠
2007-12-31,TW0006215007,2007/12/31,上市,其他電子業,ESVUFR,6215,和椿
2004-09-27,TW0006216005,2004/09/27,上市,通信網路業,ESVUFR,6216,居易
2009-09-17,TW0006224009,2009/09/17,上市,電子零組件業,ESVUFR,6224,聚鼎
2004-09-27,TW0006225006,2004/09/27,上市,光電業,ESVUFR,6225,天瀚
2008-11-10,TW0006226004,2008/11/10,上市,光電業,ESVUFR,6226,光鼎
2010-09-16,TW0006230006,2010/09/16,上市,電腦及週邊設備業,ESVUFR,6230,超眾
2004-08-23,TW0006235005,2004/08/23,上市,電腦及週邊設備業,ESVUFR,6235,華孚
2004-11-08,TW0006239007,2004/11/08,上市,半導體業,ESVUFR,6239,力成
2009-12-17,TW0006243009,2009/12/17,上市,半導體業,ESVUFR,6243,迅杰
2009-03-18,TW0006251002,2009/03/18,上市,電子零組件業,ESVUFR,6251,定穎
2003-08-25,TW0006257009,2003/08/25,上市,半導體業,ESVUFR,6257,矽格
2003-09-23,TW0006269004,2003/09/23,上市,電子零組件業,ESVUFR,6269,台郡
2007-11-16,TW0006271000,2007/11/16,上市,半導體業,ESVUFR,6271,同欣電
2003-10-30,TW0006277007,2003/10/30,上市,電腦及週邊設備業,ESVUFR,6277,宏正
2010-08-24,TW0006278005,2010/08/24,上市,光電業,ESVUFR,6278,台表科
2005-12-08,TW0006281009,2005/12/08,上市,電子通路業,ESVUFR,6281,全國電
2003-09-08,TW0006282007,2003/09/08,上市,電子零組件業,ESVUFR,6282,康舒
2008-01-21,TW0006283005,2008/01/21,上市,通信網路業,ESVUFR,6283,淳安
2003-09-22,TW0006285000,2003/09/22,上市,通信網路業,ESVUFR,6285,啟��
2003-08-28,TW0006289002,2003/08/28,上市,光電業,ESVUFR,6289,華上
2013-11-28,TW0006405004,2013/11/28,上市,光電業,ESVUFR,6405,悅城
2014-03-31,TW0006409006,2014/03/31,上市,其他電子業,ESVUFR,6409,旭隼
2013-11-08,TW0006412000,2013/11/08,上市,電子零組件業,ESVUFR,6412,群電
2014-03-28,TW0006414006,2014/03/28,上市,電腦及週邊設備業,ESVUFR,6414,樺漢
2013-12-12,KYG8190F1028,2013/12/12,上市,半導體業,ESVUFR,6415,矽力-KY
2014-12-27,KYG136861039,2014/12/27,上市,電子零組件業,ESVUFR,6422,君耀-KY
2014-12-04,KYG532651075,2014/12/04,上市,光電業,ESVUFR,6431,光麗-KY
2015-07-14,TW0006442007,2015/07/14,上市,通信網路業,ESVUFR,6442,光聖
2015-10-01,TW0006443005,2015/10/01,上市,光電業,ESVUFR,6443,元晶
2014-12-09,TW0006449002,2014/12/09,上市,電子零組件業,ESVUFR,6449,鈺邦
2015-01-26,KYG811801045,2015/01/26,上市,半導體業,ESVUFR,6451,訊芯-KY
2015-03-25,KYG7060F1019,2015/03/25,上市,生技醫療業,ESVUFR,6452,康友-KY
2015-06-12,KYG3808R1011,2015/06/12,上市,光電業,ESVUFR,6456,GIS-KY
2015-12-16,TW0006464001,2015/12/16,上市,其他業,ESVUFR,6464,台數科
2016-06-21,TW0006477003,2016/06/21,上市,光電業,ESVUFR,6477,安集
2013-05-07,TW0006504004,2013/05/07,上市,其他業,ESVUFR,6504,南六
2003-12-26,TW0006505001,2003/12/26,上市,油電燃氣業,ESVUFR,6505,台塑化
2016-04-12,KYG3790U1040,2016/04/12,上市,半導體業,ESVUFR,6525,捷敏-KY
2016-05-31,TW0006531007,2016/05/31,上市,半導體業,ESVUFR,6531,愛普
2004-03-17,TW0006605009,2004/03/17,上市,電機機械,ESVUFR,6605,帝寶
2011-11-01,TW0006702004,2011/11/01,上市,航運業,ESVUFR,6702,興航
2011-09-19,TW0008011008,2011/09/19,上市,通信網路業,ESVUFR,8011,台通
2003-12-25,TW0008016007,2003/12/25,上市,半導體業,ESVUFR,8016,矽創
2008-01-21,TW0008021007,2008/01/21,上市,其他電子業,ESVUFR,8021,尖點
2007-06-21,TW0008033002,2007/06/21,上市,其他業,ESVUFR,8033,雷虎
2009-12-17,TW0008039009,2009/12/17,上市,電子零組件業,ESVUFR,8039,台虹
2006-04-07,TW0008046004,2006/04/07,上市,電子零組件業,ESVUFR,8046,南電
2007-12-31,TW0008070004,2007/12/31,上市,電子通路業,ESVUFR,8070,長華
2005-08-19,TW0008072000,2005/08/19,上市,光電業,ESVUFR,8072,陞泰
2008-12-30,TW0008081001,2008/12/30,上市,半導體業,ESVUFR,8081,致新
2004-07-01,TW0008101007,2004/07/01,上市,通信網路業,ESVUFR,8101,華冠
2009-09-29,TW0008103003,2009/09/29,上市,電子零組件業,ESVUFR,8103,瀚荃
2006-12-27,TW0008105008,2006/12/27,上市,光電業,ESVUFR,8105,凌巨
2007-10-31,TW0008110008,2007/10/31,上市,半導體業,ESVUFR,8110,華東
2007-12-31,TW0008112004,2007/12/31,上市,電子通路業,ESVUFR,8112,至上
2012-11-26,TW0008114000,2012/11/26,上市,電腦及週邊設備業,ESVUFR,8114,振樺電
2007-11-29,TW0008131004,2007/11/29,上市,半導體業,ESVUFR,8131,福懋科
2014-04-11,TW0008150004,2014/04/11,上市,半導體業,ESVUFR,8150,南茂
2007-11-28,TW0008163007,2007/11/28,上市,電腦及週邊設備業,ESVUFR,8163,達方
2007-10-29,TW0008201005,2007/10/29,上市,其他電子業,ESVUFR,8201,無敵
2011-12-01,TW0008210006,2011/12/01,上市,電腦及週邊設備業,ESVUFR,8210,勤誠
2009-12-25,TW0008213000,2009/12/25,上市,電子零組件業,ESVUFR,8213,志超
2010-11-12,TW0008215005,2010/11/12,上市,光電業,ESVUFR,8215,明基材
2015-01-27,TW0008222001,2015/01/27,上市,電機機械,ESVUFR,8222,寶一
2005-05-17,TW0008249004,2005/05/17,上市,電子零組件業,ESVUFR,8249,菱光
2009-12-11,TW0008261009,2009/12/11,上市,半導體業,ESVUFR,8261,富鼎
2010-12-29,TW0008271008,2010/12/29,上市,半導體業,ESVUFR,8271,宇瞻
2015-03-23,TW0008341009,2015/03/23,上市,其他業,ESVUFR,8341,日友
2008-12-25,TW0008374000,2008/12/25,上市,電機機械,ESVUFR,8374,羅昇
2011-05-18,KYG684631016,2011/05/18,上市,其他業,ESVUFR,8404,百和興業-KY
2011-11-01,KYG525911072,2011/11/01,上市,其他業,ESVUFR,8411,福貞-KY
2011-10-05,TW0008422007,2011/10/05,上市,其他業,ESVUFR,8422,可寧衛
2011-12-06,KYG525341072,2011/12/06,上市,其他業,ESVUFR,8427,基勝-KY
2012-12-20,KYG513871015,2012/12/20,上市,貿易百貨業,ESVUFR,8429,金麗-KY
2016-11-08,KYG981151015,2016/11/08,上市,其他業,ESVUFR,8442,威宏-KY
2014-09-15,TW0008443003,2014/09/15,上市,貿易百貨業,ESVUFR,8443,阿瘦
2014-12-19,TW0008454000,2014/12/19,上市,貿易百貨業,ESVUFR,8454,富邦媒
2015-07-13,TW0008463001,2015/07/13,上市,建材營造業,ESVUFR,8463,潤泰材
2015-12-22,TW0008464009,2015/12/22,上市,其他業,ESVUFR,8464,億豐
2016-11-01,KYG332481087,2016/11/01,上市,其他業,ESVUFR,8466,美喆-KY
2015-12-15,KYG144971044,2015/12/15,上市,其他業,ESVUFR,8467,波力-KY
2016-09-08,TW0008473000,2016/09/08,上市,其他業,ESVUFR,8473,山林水
2003-08-25,TW0008926007,2003/08/25,上市,油電燃氣業,ESVUFR,8926,台汽電
2009-05-15,TW0008940008,2009/05/15,上市,觀光事業,ESVUFR,8940,新天地
2014-02-14,TW0008996000,2014/02/14,上市,電機機械,ESVUFR,8996,高力
2012-10-18,KYG368891068,2012/10/18,上市,其他業,ESVUFR,9802,鈺齊-KY
1964-07-14,TW0009902007,1964/07/14,上市,其他業,ESVUFR,9902,台火
1990-01-19,TW0009904003,1990/01/19,上市,其他業,ESVUFR,9904,寶成
1990-08-08,TW0009905000,1990/08/08,上市,其他業,ESVUFR,9905,大華
1990-12-15,TW0009906008,1990/12/15,上市,建材營造業,ESVUFR,9906,欣巴巴
1991-01-29,TW0009907006,1991/01/29,上市,其他業,ESVUFR,9907,統一實
1991-02-06,TW0009908004,1991/02/06,上市,油電燃氣業,ESVUFR,9908,大台北
1992-02-18,TW0009910000,1992/02/18,上市,其他業,ESVUFR,9910,豐泰
1992-07-16,TW0009911008,1992/07/16,上市,其他業,ESVUFR,9911,櫻花
1992-08-08,TW0009912006,1992/08/08,上市,電腦及週邊設備業,ESVUFR,9912,偉聯
1992-09-30,TW0009914002,1992/09/30,上市,其他業,ESVUFR,9914,美利達
1993-12-08,TW0009917005,1993/12/08,上市,其他業,ESVUFR,9917,中保
1994-04-26,TW0009918003,1994/04/26,上市,油電燃氣業,ESVUFR,9918,欣天然
1994-11-04,TW0009919001,1994/11/04,上市,其他業,ESVUFR,9919,康那香
1994-12-29,TW0009921007,1994/12/29,上市,其他業,ESVUFR,9921,巨大
1995-03-15,TW0009924001,1995/03/15,上市,其他業,ESVUFR,9924,福興
1995-12-09,TW0009925008,1995/12/09,上市,其他業,ESVUFR,9925,新保
1998-04-08,TW0009926006,1998/04/08,上市,油電燃氣業,ESVUFR,9926,新海
1999-03-12,TW0009927004,1999/03/12,上市,其他業,ESVUFR,9927,泰銘
1999-08-09,TW0009928002,1999/08/09,上市,其他業,ESVUFR,9928,中視
1999-06-28,TW0009929000,1999/06/28,上市,其他業,ESVUFR,9929,秋雨
1999-11-22,TW0009930008,1999/11/22,上市,其他業,ESVUFR,9930,中聯資源
2000-03-21,TW0009931006,2000/03/21,上市,油電燃氣業,ESVUFR,9931,欣高
1993-05-28,TW0009933002,1993/05/28,上市,其他業,ESVUFR,9933,中鼎
2000-09-11,TW0009934000,2000/09/11,上市,其他業,ESVUFR,9934,成霖
2000-09-11,TW0009935007,2000/09/11,上市,其他業,ESVUFR,9935,慶豐富
2000-09-11,TW0009937003,2000/09/11,上市,油電燃氣業,ESVUFR,9937,全國
2001-01-12,TW0009938001,2001/01/12,上市,其他業,ESVUFR,9938,百和
2001-03-02,TW0009939009,2001/03/02,上市,其他業,ESVUFR,9939,宏全
2001-09-17,TW0009940007,2001/09/17,上市,其他業,ESVUFR,9940,信義
2001-09-17,TW0009941005,2001/09/17,上市,其他業,ESVUFR,9941,裕融
2002-01-28,TW0009942003,2002/01/28,上市,其他業,ESVUFR,9942,茂順
2002-08-26,TW0009943001,2002/08/26,上市,觀光事業,ESVUFR,9943,好樂迪
2002-08-26,TW0009944009,2002/08/26,上市,其他業,ESVUFR,9944,新麗
1992-04-30,TW0009945006,1992/04/30,上市,其他業,ESVUFR,9945,潤泰新
2013-09-17,TW0009946004,2013/09/17,上市,建材營造業,ESVUFR,9946,三發地產
2008-01-21,TW0009955005,2008/01/21,上市,其他業,ESVUFR,9955,佳龍
2008-03-12,TW0009958009,2008/03/12,上市,鋼鐵工業,ESVUFR,9958,世紀鋼
1988-12-21,TW0001312A01,1988/12/21,上市,塑膠工業,EPVXQR,1312A,國喬特
1974-12-26,TW0002002A04,1974/12/26,上市,鋼鐵工業,EPRRQR,2002A,中鋼特
2016-05-31,TW0002881A00,2016/05/31,上市,金融保險業,EPNRAR,2881A,富邦特
