date,adj_close,close,high,low,open,volume
2013-03-12,69.0999,83.492,84.3755,81.4071,83.492,284275700
2013-03-14,67.3744,81.4071,83.0849,81.4071,81.4071,86473500
2013-03-15,67.9495,82.102,82.6878,81.4071,82.102,118029100
2013-03-18,66.6349,80.5136,82.787,80.5136,80.5136,107568100
2013-03-19,66.5527,80.4143,80.9505,79.4216,80.4143,144544700
2013-03-20,63.2744,76.4531,80.4143,75.9469,76.4531,175918700
2013-03-21,63.2744,76.4531,76.4531,76.4531,76.4531,0
2013-03-22,63.4552,76.6716,77.0389,76.4432,76.6716,55016600
2013-03-25,63.4634,76.6815,76.9397,76.0461,76.6815,51343600
2013-03-26,63.2662,76.4432,76.8305,76.2447,76.4432,52887600
2013-03-27,63.7592,77.0389,77.4361,76.4432,77.0389,24568100
2013-03-28,65.7311,79.4216,83.3827,77.0389,79.4216,113170600
2013-03-29,64.9177,78.4388,80.9107,78.4388,78.4388,62764900
2013-04-01,64.9095,78.4288,78.9252,78.4288,78.4288,8231200
2013-04-02,64.0879,77.4361,78.4288,77.1382,77.4361,22016700
2013-04-03,64.0879,77.4361,77.4361,77.4361,77.4361,0
2013-04-04,64.0879,77.4361,77.4361,77.4361,77.4361,0
2013-04-05,64.0879,77.4361,77.4361,77.4361,77.4361,0
2013-04-08,64.0057,77.3367,77.7239,76.4432,77.3367,35856000
2013-04-09,64.0879,77.4361,77.4361,76.4432,77.4361,32494500
2013-04-10,63.2662,76.4432,77.4361,76.4432,76.4432,29133000
2013-04-11,64.0879,77.4361,77.4361,77.4361,77.4361,3361500
2013-04-12,63.8413,77.1382,77.4361,76.9496,77.1382,17928000
2013-04-15,63.2662,76.4432,76.9397,76.1554,76.4432,26474000
2013-04-16,62.4446,75.4505,76.2447,74.9541,75.4505,49346800
2013-04-17,62.4446,75.4505,75.7483,75.4505,75.4505,7843500
2013-04-18,60.2261,72.77,75.252,72.77,72.77,40338000
2013-04-19,60.4727,73.0679,73.0679,72.7204,73.0679,3361500
2013-04-22,60.4727,73.0679,73.1671,72.7303,73.0679,16807500
2013-04-23,60.3904,72.9685,73.5642,72.4722,72.9685,14566500
2013-04-24,59.9797,72.4722,73.4649,72.4722,72.4722,12325500
2013-04-25,59.158,71.4794,72.4722,71.4794,71.4794,53275300
2013-04-26,58.7472,70.983,71.5787,70.4966,70.983,39217500
2013-04-29,59.158,71.4794,71.4794,70.4867,71.4794,10084500
2013-04-30,58.9855,71.2709,71.9658,71.26100000000002,71.2709,17367700
2013-05-01,58.9855,71.2709,71.2709,71.2709,71.2709,0
2013-05-02,58.9855,71.2709,71.2709,71.2709,71.2709,0
2013-05-03,59.5689,71.9758,72.1744,71.4794,71.9758,42579000
2013-05-06,59.5689,71.9758,72.4722,71.4794,71.9758,21289500
2013-05-07,59.5689,71.9758,71.9758,71.2808,71.9758,46613900
2013-05-08,60.8012,73.4649,74.9541,71.9758,73.4649,114009900
2013-05-09,59.8153,72.2736,73.4649,72.2736,72.2736,41682600
2013-05-10,59.9797,72.4722,72.9685,72.1843,72.4722,17928000
2013-05-13,61.6229,74.4577,75.0534,73.4649,74.4577,33615000
2013-05-14,63.258,76.4333,77.4361,74.6662,76.4333,61627500
2013-05-15,64.0879,77.4361,77.4361,76.4432,77.4361,41458500
2013-05-16,64.9095,78.4288,78.9252,76.4432,78.4288,77874800
2013-05-17,64.4987,77.9324,79.3819,77.9324,77.9324,47061000
2013-05-20,66.5527,80.4143,81.3972,79.0245,80.4143,138269900
2013-05-21,68.2207,82.4296,87.3538,81.4071,82.4296,254353800
2013-05-22,68.2043,82.4098,86.37100000000002,82.4098,82.4098,73053300
2013-05-23,67.3744,81.4071,84.3755,81.4071,81.4071,71151800
2013-05-24,67.3744,81.4071,81.4071,81.1093,81.4071,8110100
2013-05-27,67.7688,81.8837,82.6977,81.4071,81.8837,101965600
2013-05-28,67.3826,81.417,81.9035,81.4071,81.417,13446000
2013-05-29,67.1361,81.1192,82.3899,81.1093,81.1192,49302000
2013-05-30,66.1419,79.9179,81.1093,79.9179,79.9179,25211200
2013-05-31,66.5692,80.4342,82.102,80.4143,80.4342,35448100
2013-06-03,66.5527,80.4143,80.4143,79.4216,80.4143,10084500
2013-06-04,67.3744,81.4071,81.9035,80.4143,81.4071,32494500
2013-06-05,67.3744,81.4071,82.8963,81.4071,81.4071,22410000
2013-06-06,66.9636,80.9107,81.4071,80.4143,80.9107,11205000
2013-06-07,66.5527,80.4143,80.4143,80.4143,80.4143,3361500
2013-06-10,67.3744,81.4071,81.4071,80.2158,81.4071,23530500
2013-06-11,66.9636,80.9107,82.38,80.5632,80.9107,5602500
2013-06-12,66.9636,80.9107,80.9107,80.9107,80.9107,0
2013-06-13,65.5668,79.223,80.2953,79.223,79.223,12325500
2013-06-14,66.1419,79.9179,80.4143,78.9252,79.9179,24651000
2013-06-17,65.7475,79.4414,80.8015,79.4216,79.4414,22410000
2013-06-18,65.7311,79.4216,79.6201,79.4216,79.4216,6723000
2013-06-19,65.9612,79.6996,80.4143,79.4216,79.6996,33615000
2013-06-20,66.4706,80.3151,80.8114,79.1337,80.3151,4763200
2013-06-21,65.4847,79.1238,79.4216,77.4361,79.1238,22410000
2013-06-24,66.1419,79.9179,80.1165,78.4288,79.9179,45940500
2013-06-25,66.1419,79.9179,80.4143,79.4216,79.9179,62748000
2013-06-26,66.0598,79.8187,79.9179,79.4216,79.8187,51543000
2013-06-27,67.4977,81.5561,81.7744,79.8981,81.5561,87399100
2013-06-28,68.1057,82.2907,82.3999,81.1192,82.2907,13560300
2013-07-01,68.3604,82.5985,82.6977,81.7149,82.5985,89760000
2013-07-02,68.9684,83.3331,83.3926,82.0127,83.3331,87056200
2013-07-03,74.3861,78.9252,81.4071,75.7582,78.9252,88278200
2013-07-04,74.854,79.4216,79.7194,79.1237,79.4216,35254900
2013-07-05,75.7896,80.4143,81.3972,80.1165,80.4143,23428300
2013-07-08,76.7253,81.4071,81.4071,79.4315,81.4071,23181600
2013-07-09,77.6422,82.38,82.39,81.1192,82.38,41298600
2013-07-10,75.79899999999998,80.4243,81.9035,80.4243,80.4243,21372500
2013-07-11,75.8832,80.5136,81.4071,80.5136,80.5136,29211200
2013-07-12,76.2574,80.9107,81.2979,80.4143,80.9107,10072800
2013-07-15,75.79899999999998,80.4243,81.2979,80.4243,80.4243,19138300
2013-07-16,75.8083,80.4342,81.2582,80.4143,80.4342,13695000
2013-07-17,76.5849,81.2582,81.4071,80.9107,81.2582,20145600
2013-07-18,78.1288,82.8963,83.5912,81.4071,82.8963,48765500
2013-07-19,79.0644,83.889,84.3854,82.8963,83.889,47455100
2013-07-22,85.1463,90.34200000000001,92.3276,83.889,90.34200000000001,255396600
2013-07-23,84.2107,89.3493,90.8881,89.3493,89.3493,92874500
2013-07-24,83.7429,88.8529,89.3493,88.8033,88.8529,42638200
2013-07-25,83.9299,89.0514,89.7365,88.9522,89.0514,81589900
2013-07-26,88.889,94.3131,94.3131,89.0514,94.3131,76553500
2013-07-29,100.1168,106.226,109.98899999999999,95.3059,106.226,361433200
2013-07-30,104.3279,110.694,112.17299999999999,105.234,110.694,399892300
2013-07-31,100.1168,106.226,110.694,105.74,106.226,114830200
2013-08-01,100.1168,106.226,109.205,104.74700000000001,106.226,150085100
2013-08-02,100.1168,106.226,109.205,105.73,106.226,33240300
2013-08-05,99.6493,105.73,107.706,104.34,105.73,85619000
2013-08-06,101.0527,107.219,108.212,106.226,107.219,154116300
2013-08-07,101.0527,107.219,108.212,106.723,107.219,118857300
2013-08-08,101.0527,107.219,108.113,106.226,107.219,62989400
2013-08-09,100.1074,106.21600000000001,106.723,105.74,106.21600000000001,76107200
2013-08-12,100.3977,106.524,106.723,104.74700000000001,106.524,31427200
2013-08-13,99.9302,106.02799999999999,106.713,105.234,106.02799999999999,18685100
2013-08-14,98.7134,104.73700000000001,105.234,104.73700000000001,104.73700000000001,32233000
2013-08-15,99.4618,105.531,107.219,104.34,105.531,155831700
2013-08-16,99.6493,105.73,106.117,103.854,105.73,75834300
2013-08-19,99.5089,105.581,106.177,104.74700000000001,105.581,47035000
2013-08-20,97.3101,103.24799999999999,107.209,102.255,103.24799999999999,260967800
2013-08-21,97.3101,103.24799999999999,103.24799999999999,103.24799999999999,103.24799999999999,0
2013-08-22,95.8134,101.66,103.734,100.865,101.66,150586800
2013-08-23,97.7776,103.744,106.117,101.66,103.744,134567900
2013-08-26,100.1168,106.226,106.723,103.744,106.226,230301100
2013-08-27,99.1819,105.234,107.616,104.74700000000001,105.234,107609000
2013-08-28,99.5089,105.581,106.117,103.744,105.581,38780300
2013-08-29,101.3241,107.507,109.70100000000001,106.226,107.507,170391900
2013-08-30,99.6493,105.73,107.219,104.936,105.73,41365000
2013-09-02,98.7134,104.73700000000001,105.631,103.75399999999999,104.73700000000001,51166900
2013-09-03,99.1819,105.234,105.73,104.241,105.234,120432700
2013-09-04,100.0235,106.12700000000001,107.63600000000001,105.234,106.12700000000001,140618700
2013-09-05,100.5193,106.65299999999999,107.209,105.75,106.65299999999999,54322700
2013-09-06,101.0527,107.219,108.113,106.65299999999999,107.219,161266000
2013-09-09,102.9245,109.205,111.68700000000001,106.226,109.205,343450200
2013-09-10,104.2345,110.595,111.62700000000001,108.71799999999999,110.595,149208800
2013-09-11,103.0366,109.324,110.684,109.215,109.324,87871300
2013-09-12,103.8594,110.197,110.684,109.304,110.197,53386000
2013-09-13,102.9245,109.205,109.70100000000001,108.708,109.205,41833400
2013-09-16,103.2704,109.572,109.691,108.361,109.572,50364100
2013-09-17,103.2892,109.59200000000001,109.602,108.837,109.59200000000001,28808200
2013-09-18,102.8302,109.105,109.602,108.212,109.105,88622700
2013-09-20,102.8302,109.105,109.105,109.105,109.105,0
2013-09-23,103.1959,109.493,109.50200000000001,108.311,109.493,40639800
2013-09-24,101.9886,108.212,109.205,108.212,108.212,70181400
2013-09-25,100.5852,106.723,108.708,105.631,106.723,94551600
2013-09-26,100.9594,107.12,107.616,106.226,107.12,18131000
2013-09-27,103.8689,110.20700000000001,113.662,107.219,110.20700000000001,195096600
2013-09-30,101.6239,107.825,110.197,107.825,107.825,61605400
2013-10-01,101.5211,107.71600000000001,108.113,107.219,107.71600000000001,29714800
2013-10-02,102.9245,109.205,109.70100000000001,107.219,109.205,73555800
2013-10-03,106.1987,112.679,116.14399999999999,109.205,112.679,236241100
2013-10-04,106.2081,112.689,114.169,110.833,112.689,232787100
2013-10-07,109.9234,116.631,116.65,113.176,116.631,435965200
2013-10-08,111.3456,118.14,119.62899999999999,116.631,118.14,185275600
2013-10-09,110.9705,117.742,119.132,116.462,117.742,136139300
2013-10-10,110.9705,117.742,117.742,117.742,117.742,0
2013-10-11,111.242,118.03,119.12200000000001,116.65,118.03,69200300
2013-10-14,111.3456,118.14,120.105,116.154,118.14,134980900
2013-10-15,111.8131,118.63600000000001,119.619,118.14,118.63600000000001,95228500
2013-10-16,111.5322,118.338,119.42,117.65299999999999,118.338,51651400
2013-10-17,116.0232,123.103,125.585,118.646,123.103,268345200
2013-10-18,118.8214,126.072,127.065,122.111,126.072,221679800
2013-10-21,123.0315,130.539,131.532,126.08200000000001,130.539,317703100
2013-10-22,120.796,128.167,130.549,127.571,128.167,131361700
2013-10-23,123.9674,131.532,131.532,127.571,131.532,103847800
2013-10-24,124.9128,132.535,134.014,129.556,132.535,152776600
2013-10-25,127.9909,135.80100000000002,135.80100000000002,133.031,135.80100000000002,136100000
2013-10-28,126.3161,134.024,136.506,132.545,134.024,189100200
2013-10-29,125.7638,133.438,134.51,132.535,133.438,81028800
2013-10-30,126.3161,134.024,135.017,133.13,134.024,54103100
2013-10-31,126.3161,134.024,135.314,133.14,134.024,115368100
2013-11-01,127.25200000000001,135.017,135.503,133.528,135.017,71517000
2013-11-04,119.2983,126.57799999999999,135.017,126.08200000000001,126.57799999999999,268163900
2013-11-05,109.3711,116.045,125.089,112.679,116.045,332264300
2013-11-06,115.0882,122.111,125.089,114.665,122.111,279168400
2013-11-07,113.4973,120.42299999999999,123.094,118.646,120.42299999999999,64566800
2013-11-08,109.0064,115.65799999999999,119.569,114.665,115.65799999999999,132633900
2013-11-11,107.603,114.169,115.65799999999999,113.176,114.169,172245300
2013-11-12,107.603,114.169,115.15100000000001,113.67200000000001,114.169,17506500
2013-11-13,107.603,114.169,114.665,113.176,114.169,18231800
2013-11-14,108.0705,114.665,115.161,114.178,114.665,20893000
2013-11-15,109.0064,115.65799999999999,115.65799999999999,113.682,115.65799999999999,16116500
2013-11-18,109.193,115.85600000000001,116.154,115.161,115.85600000000001,37874800
2013-11-19,109.0064,115.65799999999999,116.055,114.675,115.65799999999999,21152900
2013-11-20,107.603,114.169,115.161,114.169,114.169,20145600
2013-11-21,107.1346,113.67200000000001,114.665,113.67200000000001,113.67200000000001,8274800
2013-11-22,109.4644,116.14399999999999,116.14399999999999,116.14399999999999,116.14399999999999,2518200
2013-11-25,107.1346,113.67200000000001,116.154,113.176,113.67200000000001,27309400
2013-11-26,105.7406,112.193,113.176,111.697,112.193,29237300
2013-11-27,107.603,114.169,114.169,112.789,114.169,43313100
2013-11-28,110.4097,117.147,119.62899999999999,114.665,117.147,107119500
2013-11-29,110.8772,117.64299999999999,119.00299999999999,117.15700000000001,117.64299999999999,38075200
2013-12-02,113.2165,120.125,120.125,117.65299999999999,120.125,48651700
2013-12-03,116.2108,123.302,126.08200000000001,119.639,123.302,181670500
2013-12-04,115.0788,122.101,124.583,121.118,122.101,68495200
2013-12-05,115.5557,122.60700000000001,123.59,121.61399999999999,122.60700000000001,15431500
2013-12-06,114.6293,121.624,123.6,121.12799999999999,121.624,49569400
2013-12-09,114.1524,121.118,123.6,120.631,121.118,133779200
2013-12-10,114.6481,121.64399999999999,122.766,121.61399999999999,121.64399999999999,36403200
2013-12-11,118.353,125.575,125.575,122.309,125.575,279383000
2013-12-12,118.353,125.575,127.065,124.10600000000001,125.575,79706300
2013-12-13,116.9591,124.096,125.575,123.103,124.096,169851000
2013-12-16,116.4916,123.6,125.585,122.60700000000001,123.6,116701800
2013-12-17,117.4369,124.603,126.57799999999999,124.096,124.603,208115700
2013-12-18,125.3802,133.031,135.841,125.585,133.031,379164500
2013-12-19,126.3067,134.014,135.513,132.03799999999998,134.014,225203300
2013-12-20,121.1701,128.564,133.031,128.077,128.564,183305300
2013-12-23,123.9674,131.532,132.028,128.077,131.532,359241400
2013-12-24,126.7742,134.51,135.851,130.559,134.51,307844800
2013-12-25,129.1134,136.99200000000002,137.985,133.041,136.99200000000002,383784900
2013-12-26,137.0671,145.431,147.347,137.012,145.431,456709100
2013-12-27,139.9671,148.50799999999995,149.898,145.937,148.50799999999995,272454900
2013-12-30,139.4063,147.91299999999995,152.38,146.44299999999996,147.91299999999995,376488100
2013-12-31,136.5987,144.934,147.416,141.976,144.934,287243800
2014-01-01,136.5987,144.934,144.934,144.934,144.934,0
2014-01-02,137.54399999999998,145.937,149.263,143.952,145.937,333466000
2014-01-03,138.0209,146.44299999999996,147.416,144.944,146.44299999999996,220632200
2014-01-06,138.9473,147.42600000000004,148.89600000000004,146.93,147.42600000000004,166302400
2014-01-07,138.9473,147.42600000000004,147.923,144.954,147.42600000000004,90655400
2014-01-08,139.8832,148.41899999999995,149.908,146.434,148.41899999999995,305292300
2014-01-09,140.1547,148.707,150.891,147.923,148.707,265392800
2014-01-10,140.5383,149.114,149.40200000000004,147.42600000000004,149.114,242602100
2014-01-13,145.4882,154.366,155.359,148.915,154.366,404523800
2014-01-14,144.8332,153.671,155.468,148.925,153.671,57616500
2014-01-15,144.5523,153.373,153.77,151.407,153.373,102692500
2014-01-16,145.0669,153.91899999999995,154.872,152.89600000000004,153.91899999999995,555717000
2014-01-17,145.0198,153.869,154.872,153.29399999999995,153.869,57918700
2014-01-20,142.69,151.39700000000005,154.376,150.405,151.39700000000005,135378800
2014-01-21,142.4185,151.109,152.35,149.412,151.109,311061000
2014-01-22,145.0292,153.879,153.879,151.209,153.879,492359900
2014-01-23,148.3044,157.35399999999996,159.836,153.879,157.35399999999996,308230600
2014-01-24,148.3044,157.35399999999996,158.843,156.262,157.35399999999996,179799000
2014-01-27,147.556,156.56,156.56,155.329,156.56,66115000
2014-01-28,147.556,156.56,156.56,156.56,156.56,0
2014-01-29,147.556,156.56,156.56,156.56,156.56,0
2014-01-30,147.556,156.56,156.56,156.56,156.56,0
2014-01-31,147.556,156.56,156.56,156.56,156.56,0
2014-02-03,147.556,156.56,156.56,156.56,156.56,0
2014-02-04,147.556,156.56,156.56,156.56,156.56,0
2014-02-05,146.901,155.865,156.858,151.39700000000005,155.865,84985400
2014-02-06,146.901,155.865,156.84799999999996,154.971,155.865,57265000
2014-02-07,146.9943,155.964,157.622,155.08100000000005,155.964,60410700
2014-02-10,145.4977,154.376,155.865,153.889,154.376,44945900
2014-02-11,139.8832,148.41899999999995,152.887,146.195,148.41899999999995,182956800
2014-02-12,140.9124,149.511,149.908,146.94,149.511,201777900
2014-02-13,142.2225,150.901,152.38,148.429,150.901,113065500
2014-02-14,143.1584,151.894,153.869,150.901,151.894,57414100
2014-02-17,141.296,149.918,151.894,149.908,149.918,40221800
2014-02-18,142.6155,151.31799999999996,152.877,151.308,151.31799999999996,85115400
2014-02-19,143.1584,151.894,152.579,151.0,151.894,60134700
2014-02-20,142.2414,150.921,152.579,150.911,150.921,37595800
2014-02-21,143.1584,151.894,152.47899999999996,151.1,151.894,67991600
2014-02-24,145.0292,153.879,154.763,151.497,153.879,139924700
2014-02-25,146.901,155.865,156.451,153.879,155.865,72171800
2014-02-26,151.5701,160.819,161.11700000000005,155.865,160.819,327174500
2014-02-27,155.0413,164.502,165.385,159.349,164.502,292391000
2014-02-28,155.0413,164.502,164.502,164.502,164.502,0
2014-03-03,157.19299999999996,166.785,169.65400000000002,164.8,166.785,228717700
2014-03-04,154.8537,164.303,167.113,163.122,164.303,138412700
2014-03-05,154.4051,163.827,166.775,163.817,163.827,132029600
2014-03-06,154.3863,163.80700000000004,164.8,162.219,163.80700000000004,105865400
2014-03-07,156.2486,165.783,165.783,162.844,165.783,171622800
2014-03-10,158.96200000000005,168.662,169.46599999999995,165.783,168.662,217180300
2014-03-11,158.7095,168.394,169.764,168.185,168.394,178810800
2014-03-12,157.7453,167.37099999999995,169.30700000000004,165.80200000000005,167.37099999999995,153505900
2014-03-13,164.1175,174.132,175.71,167.292,174.132,439830100
2014-03-14,161.404,171.253,176.30599999999995,170.26,171.253,281728000
2014-03-17,160.9356,170.75599999999997,173.725,169.27700000000004,170.75599999999997,242709800
2014-03-18,158.7745,168.463,171.74900000000005,167.778,168.463,293222100
2014-03-19,157.4738,167.083,169.456,165.793,167.083,524121600
2014-03-20,152.9923,162.328,166.388,161.83100000000005,162.328,444500900
2014-03-21,151.1205,160.342,164.49200000000005,160.342,160.342,353213800
2014-03-24,148.9594,158.049,161.424,152.89600000000004,158.049,635792000
2014-03-25,154.1902,163.599,163.608,158.545,163.599,431296400
2014-03-26,151.392,160.63,164.49200000000005,158.843,160.63,488777000
2014-03-27,150.6342,159.826,161.821,157.85,159.826,743522900
2014-03-28,167.9534,178.202,183.662,158.843,160.332,5259000
2014-03-31,167.9534,178.202,183.166,173.735,178.699,2349900
2014-04-01,167.4859,177.706,181.18,174.727,177.706,1152300
2014-04-02,168.4218,178.699,180.188,177.209,178.699,1399100
2014-04-03,174.9712,185.648,190.612,181.67700000000002,182.67,2053800
2014-04-04,174.9712,185.648,185.648,185.648,185.648,0
2014-04-07,169.3567,179.69099999999997,187.137,179.195,183.662,839000
2014-04-08,163.7433,173.735,182.173,172.74200000000005,181.18,614400
2014-04-09,168.4218,178.699,179.69099999999997,174.231,174.231,542900
2014-04-10,166.55,176.713,179.195,174.231,178.699,321300
2014-04-11,166.0825,176.217,180.68400000000003,173.735,174.231,647600
2014-04-14,159.5322,169.267,176.217,166.785,176.217,604300
2014-04-15,161.8715,171.74900000000005,174.727,169.764,169.764,512700
2014-04-16,163.7433,173.735,176.713,171.74900000000005,171.74900000000005,300100
2014-04-17,165.6141,175.72,176.713,173.735,175.72,307200
2014-04-18,164.6782,174.727,176.713,174.727,176.713,225600
2014-04-21,164.6782,174.727,175.72,168.771,175.72,259800
2014-04-22,161.404,171.253,174.727,170.75599999999997,174.727,231600
2014-04-23,163.2749,173.238,177.706,171.253,172.74200000000005,379700
2014-04-24,167.0175,177.209,179.69099999999997,174.727,176.217,511700
2014-04-25,161.404,171.253,177.209,169.764,176.713,409900
2014-04-28,159.5322,169.267,171.74900000000005,168.771,169.764,298100
2014-04-29,161.8715,171.74900000000005,173.735,169.267,169.267,157100
2014-04-30,161.8715,171.74900000000005,173.238,169.764,172.24599999999995,225600
2014-05-01,161.8715,171.74900000000005,171.74900000000005,171.74900000000005,171.74900000000005,0
2014-05-02,164.6782,174.727,176.217,171.74900000000005,171.74900000000005,198400
2014-05-05,168.8893,179.195,182.173,173.735,174.727,521700
2014-05-06,163.2749,173.238,178.699,167.778,178.699,672800
2014-05-07,163.7433,173.735,173.735,170.75599999999997,170.75599999999997,259800
2014-05-08,161.8715,171.74900000000005,175.22400000000005,171.253,173.735,253800
2014-05-09,162.8074,172.74200000000005,175.72,172.24599999999995,174.727,127900
2014-05-12,159.5322,169.267,173.735,169.267,173.238,316200
2014-05-13,158.1289,167.778,171.253,164.303,171.253,382700
2014-05-14,159.0648,168.771,170.26,164.303,167.778,315200
2014-05-15,164.4028,169.267,171.74900000000005,163.80700000000004,165.793,588200
2014-05-16,161.5104,166.28900000000004,169.267,164.8,168.771,148000
2014-05-19,161.5104,166.28900000000004,167.778,165.296,166.28900000000004,77500
2014-05-20,163.9211,168.771,171.253,166.28900000000004,166.28900000000004,250800
2014-05-21,161.0287,165.793,168.771,165.296,168.771,157100
2014-05-22,162.9566,167.778,168.274,165.793,165.793,104700
2014-05-23,163.9211,168.771,169.764,166.28900000000004,167.778,197400
2014-05-26,161.0287,165.793,168.771,165.296,168.771,309200
2014-05-27,161.9922,166.785,166.785,163.80700000000004,165.793,159100
2014-05-28,163.4384,168.274,169.267,166.785,166.785,176200
2014-05-29,174.5273,179.69099999999997,179.69099999999997,166.785,168.274,1367800
2014-05-30,186.5807,192.101,192.101,181.67700000000002,182.67,2269400
2014-06-02,186.5807,192.101,192.101,192.101,192.101,0
2014-06-03,181.2776,186.641,194.08599999999998,185.15200000000002,194.08599999999998,895400
2014-06-04,189.9558,195.576,199.547,186.641,186.641,1438400
2014-06-05,198.63400000000001,204.511,206.0,194.583,195.576,1368800
2014-06-06,197.1869,203.021,212.453,201.03599999999997,205.007,1289300
2014-06-09,191.40200000000002,197.065,206.99200000000002,193.09400000000002,204.511,914600
2014-06-10,198.63400000000001,204.511,206.49599999999998,197.56099999999998,197.56099999999998,823900
2014-06-11,199.5975,205.503,207.489,200.53900000000002,204.511,487500
2014-06-12,194.7762,200.53900000000002,205.503,200.53900000000002,202.525,417000
2014-06-13,195.7406,201.532,204.511,197.56099999999998,198.554,361600
2014-06-16,191.40200000000002,197.065,203.518,196.56799999999998,201.532,370600
2014-06-17,190.4376,196.072,199.547,195.079,198.058,195400
2014-06-18,187.5451,193.09400000000002,199.05,191.605,197.56099999999998,461300
2014-06-19,191.8838,197.56099999999998,198.058,192.597,195.576,453200
2014-06-20,191.8838,197.56099999999998,199.05,194.583,197.56099999999998,327300
2014-06-23,182.7238,188.13,197.56099999999998,184.655,197.56099999999998,488500
2014-06-24,183.6882,189.123,193.59,185.648,188.13,345400
2014-06-25,184.6517,190.115,191.108,188.13,188.62599999999998,160100
2014-06-26,188.0269,193.59,193.59,190.115,190.115,196400
2014-06-27,186.5807,192.101,195.576,191.108,195.079,240700
2014-06-30,189.9558,195.576,195.576,191.108,192.597,336400
2014-07-01,186.0989,191.605,195.079,191.605,193.59,332400
2014-07-02,180.3131,185.648,191.605,185.15200000000002,191.605,466300
2014-07-03,192.8482,198.554,198.554,185.648,185.648,734300
2014-07-04,200.562,206.49599999999998,208.482,197.065,201.532,885400
2014-07-07,197.1869,203.021,212.453,200.043,212.453,619400
2014-07-08,194.7762,200.53900000000002,205.007,197.56099999999998,205.007,385700
2014-07-09,193.8127,199.547,203.518,199.547,200.53900000000002,268900
2014-07-10,197.1869,203.021,206.49599999999998,200.043,200.043,415000
2014-07-11,189.9558,195.576,202.525,193.59,202.525,356500
2014-07-14,190.4376,196.072,197.56099999999998,194.08599999999998,197.56099999999998,145000
2014-07-15,188.9913,194.583,198.058,194.08599999999998,197.065,114800
2014-07-16,187.0624,192.597,196.56799999999998,192.597,196.56799999999998,115800
2014-07-17,184.17,189.61900000000003,193.09400000000002,187.63299999999998,192.101,217500
2014-07-18,184.6517,190.115,190.612,185.648,186.641,102700
2014-07-21,185.6162,191.108,195.079,191.108,191.605,271900
2014-07-22,186.5807,192.101,194.08599999999998,190.612,191.108,101700
2014-07-23,186.5807,192.101,192.101,192.101,192.101,0
2014-07-24,197.6696,203.518,205.503,193.59,193.59,648600
2014-07-25,207.3113,213.445,214.438,204.511,205.503,1634800
2014-07-28,219.8464,226.351,226.84799999999998,212.453,215.92700000000002,1894600
2014-07-29,215.9895,222.38,226.351,216.92,226.351,623500
2014-07-30,216.954,223.373,224.862,218.40900000000002,222.38,320300
2014-07-31,212.6154,218.90599999999998,223.373,214.438,223.373,351500
2014-08-01,213.0971,219.40200000000002,223.87,214.438,216.424,290000
2014-08-04,214.0616,220.395,225.359,217.417,223.373,421000
2014-08-05,207.3113,213.445,220.395,210.467,218.40900000000002,397800
2014-08-06,207.794,213.942,220.395,202.525,213.445,399800
2014-08-07,202.4909,208.482,213.445,207.489,213.445,140000
2014-08-08,210.2047,216.424,218.40900000000002,204.511,207.985,355500
2014-08-11,208.7585,214.935,223.373,212.453,218.40900000000002,294100
2014-08-12,205.8651,211.956,217.91299999999998,210.96400000000003,217.91299999999998,101700
2014-08-13,208.2758,214.438,216.424,211.956,211.956,124900
2014-08-14,212.1327,218.40900000000002,221.388,211.46,217.417,277000
2014-08-15,208.2758,214.438,220.395,212.453,220.395,254800
2014-08-18,202.4909,208.482,213.445,206.49599999999998,213.445,189300
2014-08-19,203.9371,209.97099999999998,210.96400000000003,205.503,208.482,211500
2014-08-20,202.9727,208.97799999999998,210.467,207.489,209.97099999999998,87600
2014-08-21,202.0082,207.985,208.97799999999998,204.014,208.482,158100
2014-08-22,208.7585,214.935,217.417,205.503,205.503,189300
2014-08-25,206.8296,212.949,215.92700000000002,212.453,214.438,103700
2014-08-26,205.8651,211.956,214.935,209.97099999999998,212.949,139000
2014-08-27,207.794,213.942,216.424,211.956,211.956,206400
2014-08-28,208.7585,214.935,214.935,213.445,213.942,76500
2014-08-29,211.6509,217.91299999999998,223.373,214.438,215.43099999999998,282000
2014-09-01,212.1327,218.40900000000002,218.90599999999998,215.43099999999998,218.40900000000002,134900
2014-09-02,207.794,213.942,218.40900000000002,213.942,218.40900000000002,107700
2014-09-03,205.3834,211.46,214.935,206.49599999999998,210.467,270900
2014-09-04,204.9016,210.96400000000003,214.935,209.47400000000002,214.935,98700
2014-09-05,202.4909,208.482,213.445,207.489,213.445,99700
2014-09-08,202.4909,208.482,208.482,208.482,208.482,0
2014-09-09,204.4189,210.467,212.949,208.97799999999998,208.97799999999998,95600
2014-09-10,205.3834,211.46,211.46,207.489,209.47400000000002,89600
2014-09-11,203.4544,209.47400000000002,211.956,207.489,209.47400000000002,108700
2014-09-12,201.5265,207.489,211.46,207.489,209.97099999999998,72500
2014-09-15,196.7051,202.525,205.007,193.59,204.511,361600
2014-09-16,193.33,199.05,202.02900000000002,197.56099999999998,201.03599999999997,218500
2014-09-17,188.9913,194.583,200.53900000000002,188.62599999999998,200.53900000000002,470400
2014-09-18,185.1344,190.612,194.583,186.641,194.583,441100
2014-09-19,188.5086,194.08599999999998,194.08599999999998,190.612,190.612,120800
2014-09-22,187.5451,193.09400000000002,196.56799999999998,191.605,196.56799999999998,96600
2014-09-23,187.0624,192.597,194.08599999999998,192.597,193.09400000000002,69500
2014-09-24,186.5807,192.101,193.59,192.101,192.101,95600
2014-09-25,185.1344,190.612,194.583,186.641,192.597,156100
2014-09-26,187.5451,193.09400000000002,193.59,182.67,186.641,111800
2014-09-29,189.9558,195.576,195.576,190.612,193.59,109700
2014-09-30,194.2944,200.043,203.518,195.576,195.576,270900
2014-10-01,191.40200000000002,197.065,200.53900000000002,197.065,200.043,127900
2014-10-02,192.8482,198.554,201.03599999999997,195.079,195.576,184300
2014-10-03,196.2234,202.02900000000002,202.525,197.065,197.065,183300
2014-10-06,197.6696,203.518,211.46,203.518,208.97799999999998,404900
2014-10-07,196.7051,202.525,208.482,199.547,208.482,356500
2014-10-08,194.7762,200.53900000000002,201.532,196.56799999999998,196.56799999999998,185300
2014-10-09,189.4731,195.079,201.532,195.079,201.03599999999997,123800
2014-10-10,189.4731,195.079,195.079,195.079,195.079,0
2014-10-13,178.3842,183.662,189.61900000000003,182.173,189.61900000000003,346500
2014-10-14,178.8669,184.15900000000002,188.13,181.67700000000002,181.67700000000002,122800
2014-10-15,178.3842,183.662,184.15900000000002,180.68400000000003,184.15900000000002,139000
2014-10-16,178.3842,183.662,187.137,176.713,181.67700000000002,225600
2014-10-17,175.01,180.188,186.641,178.699,186.641,120800
2014-10-20,175.4918,180.68400000000003,182.67,180.188,181.67700000000002,76500
2014-10-21,175.4918,180.68400000000003,182.173,179.195,181.67700000000002,80500
2014-10-22,178.3842,183.662,184.15900000000002,181.67700000000002,183.662,74500
2014-10-23,175.01,180.188,182.67,178.699,178.699,62400
2014-10-24,162.9566,167.778,180.188,167.778,179.69099999999997,490500
2014-10-27,151.8677,156.361,167.778,156.361,167.778,448200
2014-10-28,160.0642,164.8,166.785,156.858,157.85,730200
2014-10-29,171.1531,176.217,176.217,168.771,168.771,855100
2014-10-30,174.0455,179.195,184.655,174.231,178.699,704000
2014-10-31,181.2776,186.641,187.63299999999998,180.68400000000003,182.173,487500
2014-11-03,190.4376,196.072,199.547,195.079,199.05,1428300
2014-11-04,193.8127,199.547,205.503,196.56799999999998,203.518,1347700
2014-11-05,192.8482,198.554,203.518,195.576,203.021,655700
2014-11-06,192.8482,198.554,205.503,196.072,198.554,1087800
2014-11-07,198.63400000000001,204.511,206.99200000000002,200.53900000000002,202.525,1143200
2014-11-10,188.9913,194.583,200.043,190.612,197.065,971000
2014-11-11,195.7406,201.532,204.014,194.583,195.576,709100
2014-11-12,195.7406,201.532,205.007,198.554,201.532,995100
2014-11-13,198.63400000000001,204.511,207.489,202.525,203.518,762500
2014-11-14,196.7051,202.525,207.489,202.525,204.511,485500
2014-11-17,200.562,206.49599999999998,206.49599999999998,195.576,203.518,634500
2014-11-18,194.7762,200.53900000000002,209.47400000000002,198.058,208.482,605300
2014-11-19,193.8127,199.547,204.511,199.05,199.05,409900
2014-11-20,195.2589,201.03599999999997,203.021,200.043,200.043,348500
2014-11-21,208.2758,214.438,214.935,201.532,202.525,1787900
2014-11-24,219.8464,226.351,229.33,212.949,214.438,2699500
2014-11-25,217.9185,224.36599999999999,230.81900000000002,221.388,228.33700000000002,1386000
2014-11-26,216.954,223.373,228.833,221.88400000000001,224.36599999999999,896400
2014-11-27,206.8296,212.949,231.315,211.46,225.359,1435300
2014-11-28,216.954,223.373,226.351,209.47400000000002,213.445,1435300
2014-12-01,231.8998,238.761,238.761,213.445,214.438,2431500
2014-12-02,232.8643,239.75400000000002,244.22099999999998,231.315,240.747,1437300
2014-12-03,229.9719,236.77599999999998,246.207,236.27900000000002,241.243,924600
2014-12-04,238.6491,245.71,249.68200000000002,236.27900000000002,243.229,1410100
2014-12-05,235.2749,242.236,249.68200000000002,241.739,245.71,745300
2014-12-08,234.3105,241.243,249.185,240.25,246.207,583200
2014-12-09,229.4891,236.27900000000002,245.21400000000003,229.33,241.243,745300
2014-12-10,228.0429,234.79,238.761,232.308,236.27900000000002,541900
2014-12-11,230.4536,237.27200000000002,240.25,232.308,234.79,438100
2014-12-12,238.6491,245.71,251.171,240.25,240.25,1024400
2014-12-15,236.7212,243.725,248.192,242.732,244.22099999999998,366600
2014-12-16,231.4181,238.265,245.71,234.79,243.725,638600
2014-12-17,229.0074,235.783,239.257,233.797,238.265,484500
2014-12-18,234.3105,241.243,245.71,238.265,240.747,680900
2014-12-19,225.6322,232.308,246.207,229.33,245.21400000000003,560000
2014-12-22,232.8643,239.75400000000002,240.747,228.833,229.826,522700
2014-12-23,232.8643,239.75400000000002,244.22099999999998,239.257,242.236,254800
2014-12-24,231.4181,238.265,243.229,237.768,240.747,185300
2014-12-25,227.5612,234.294,239.257,232.804,238.265,313200
2014-12-26,227.5612,234.294,239.257,233.797,234.294,198400
2014-12-29,227.5612,234.294,239.257,233.797,233.797,266900
2014-12-30,229.0074,235.783,238.265,233.797,237.27200000000002,199400
2014-12-31,229.4891,236.27900000000002,237.768,234.79,236.27900000000002,151000
2015-01-01,229.4891,236.27900000000002,236.27900000000002,236.27900000000002,236.27900000000002,0
2015-01-02,229.4891,236.27900000000002,236.27900000000002,236.27900000000002,236.27900000000002,0
2015-01-05,228.0429,234.79,236.77599999999998,233.797,236.77599999999998,190300
2015-01-06,228.0429,234.79,239.257,231.315,233.301,232600
2015-01-07,243.9532,251.171,251.171,236.77599999999998,242.732,2003400
2015-01-08,240.0963,247.2,255.142,247.2,253.15599999999998,889400
2015-01-09,250.7025,258.12,262.091,245.71,251.171,1410100
2015-01-12,250.7025,258.12,272.515,256.135,260.106,1462500
2015-01-13,250.7025,258.12,262.091,255.142,261.098,558000
2015-01-14,250.7025,258.12,265.069,258.12,262.091,689900
2015-01-15,245.8812,253.15599999999998,260.60200000000003,249.68200000000002,257.127,729200
2015-01-16,242.0243,249.185,256.135,249.185,255.142,455200
2015-01-19,234.7922,241.739,251.171,241.739,249.185,458300
2015-01-20,245.8812,253.15599999999998,255.638,242.236,242.236,689900
2015-01-21,242.9887,250.178,254.149,247.2,253.15599999999998,354500
2015-01-22,243.9532,251.171,258.12,250.178,252.16299999999998,566000
2015-01-23,243.9532,251.171,255.142,250.178,253.653,302100
2015-01-26,242.9887,250.178,254.645,248.192,249.185,181300
2015-01-27,242.9887,250.178,254.149,249.68200000000002,253.15599999999998,223600
2015-01-28,244.9167,252.16299999999998,255.142,250.674,251.171,480400
2015-01-29,248.7745,256.135,262.091,252.66,254.149,1164400
2015-01-30,249.738,257.127,258.12,254.645,256.631,322300
2015-02-02,244.9167,252.16299999999998,260.106,252.16299999999998,260.106,324300
2015-02-03,242.0243,249.185,254.645,248.192,254.149,526800
2015-02-04,230.4536,237.27200000000002,252.66,235.28599999999997,252.66,1542100
2015-02-05,340.3773,350.44800000000015,350.44800000000015,350.44800000000015,350.44800000000015,0
2015-02-06,221.2936,227.84099999999998,240.25,227.34400000000002,239.75400000000002,1049500
2015-02-09,236.7212,243.725,243.725,231.315,232.308,1007200
2015-02-10,245.8812,253.15599999999998,254.149,246.207,248.192,1245000
2015-02-11,245.8812,253.15599999999998,260.106,251.667,258.12,912500
2015-02-12,247.3274,254.645,254.645,248.192,253.15599999999998,381700
2015-02-13,247.3274,254.645,258.616,254.645,257.127,459300
2015-02-16,247.3274,254.645,254.645,254.645,254.645,0
2015-02-17,247.3274,254.645,254.645,254.645,254.645,0
2015-02-18,247.3274,254.645,254.645,254.645,254.645,0
2015-02-19,247.3274,254.645,254.645,254.645,254.645,0
2015-02-20,247.3274,254.645,254.645,254.645,254.645,0
2015-02-23,247.3274,254.645,254.645,254.645,254.645,0
2015-02-24,254.0776,261.595,264.077,257.127,258.616,688900
2015-02-25,252.6314,260.106,263.58,256.135,263.58,551900
2015-02-26,252.6314,260.106,262.091,258.616,260.60200000000003,187300
2015-02-27,252.6314,260.106,260.106,260.106,260.106,0
2015-03-02,252.6314,260.106,264.077,260.106,261.098,219500
2015-03-03,245.8812,253.15599999999998,263.084,252.66,263.084,293100
2015-03-04,247.8101,255.142,261.098,251.171,251.171,378700
2015-03-05,254.5594,262.091,262.58799999999997,251.667,256.631,423000
2015-03-06,252.1487,259.60900000000004,262.091,257.624,261.098,342400
2015-03-09,249.2563,256.631,259.113,255.638,259.113,89600
2015-03-10,251.1842,258.616,259.113,254.149,258.616,173200
2015-03-11,245.8812,253.15599999999998,256.631,253.15599999999998,255.142,134900
2015-03-12,245.8812,253.15599999999998,256.631,249.68200000000002,256.135,415000
2015-03-13,250.2207,257.624,260.60200000000003,253.653,253.653,451200
2015-03-16,263.2376,271.026,271.026,256.135,258.12,970000
2015-03-17,266.13,274.004,281.45,271.026,273.012,1646900
2015-03-18,271.9159,279.961,279.961,273.012,274.004,730200
2015-03-19,284.9327,293.363,293.86,281.947,281.947,1184500
2015-03-20,281.5586,289.889,292.867,285.421,291.378,848100
2015-03-23,286.8617,295.349,299.816,289.889,289.889,891400
2015-03-24,278.6652,286.91,297.335,281.45,295.845,587200
2015-03-25,269.0234,276.983,287.407,274.997,286.91,636600
2015-03-26,270.9514,278.968,283.932,269.041,274.501,722200
2015-03-27,268.5407,276.486,284.428,270.033,278.968,840000
2015-03-30,271.9159,279.961,282.939,274.501,280.457,472400
2015-03-31,274.3265,282.443,285.918,281.45,282.939,424000
2015-04-01,273.3621,281.45,284.925,279.961,284.428,212500
2015-04-02,279.6296,287.903,291.874,281.947,283.932,764500
2015-04-03,279.6296,287.903,287.903,287.903,287.903,0
2015-04-06,279.6296,287.903,287.903,287.903,287.903,0
2015-04-07,285.8972,294.356,297.335,291.874,297.335,903500
2015-04-08,280.1123,288.4,294.853,286.414,292.867,322300
2015-04-09,270.9514,278.968,290.385,278.472,290.385,382700
2015-04-10,273.8448,281.947,283.932,279.961,280.457,173200
2015-04-13,277.2189,285.421,287.903,281.45,285.918,372600
2015-04-14,276.2545,284.428,291.378,283.932,285.918,480400
2015-04-15,272.3976,280.457,286.91,277.975,284.925,238700
2015-04-16,271.4341,279.465,283.436,277.975,277.975,277000
2015-04-17,269.9869,277.975,279.465,275.99,278.968,162100
2015-04-20,263.7194,271.522,281.947,270.033,279.961,401900
2015-04-21,263.7194,271.522,276.983,270.53,272.515,234600
2015-04-22,268.059,275.99,276.486,273.012,274.501,145000
2015-04-23,261.3096,269.041,277.975,266.559,275.99,603300
2015-04-24,279.1479,287.407,287.407,270.033,270.033,1056600
2015-04-27,278.1834,286.414,295.845,286.414,291.874,887400
2015-04-28,279.1479,287.407,290.882,286.414,287.903,357500
2015-04-29,276.7372,284.925,291.874,283.436,287.407,423000
2015-04-30,281.0758,289.392,294.853,285.918,287.407,498600
2015-05-01,281.0758,289.392,289.392,289.392,289.392,0
2015-05-04,277.7017,285.918,292.371,285.918,290.882,221600
2015-05-05,273.8448,281.947,290.385,281.947,285.918,277000
2015-05-06,276.7372,284.925,289.889,283.932,283.932,447200
2015-05-07,277.7017,285.918,288.89599999999996,285.421,286.91,241700
2015-05-08,269.9869,277.975,288.89599999999996,277.47900000000004,287.903,370600
2015-05-11,268.5407,276.486,281.947,273.012,279.961,206400
2015-05-12,269.9869,277.975,283.436,276.983,278.472,242700
2015-05-13,274.3265,282.443,284.925,274.004,274.997,570100
2015-05-14,274.3265,282.443,286.414,279.961,279.961,306200
2015-05-15,277.7017,285.918,287.903,280.954,284.925,401900
2015-05-18,279.1479,287.407,294.356,285.918,289.889,617400
2015-05-19,283.4865,291.874,294.356,285.918,289.392,545900
2015-05-20,298.4323,307.262,311.233,292.867,292.867,2022600
2015-05-21,318.1995,327.6140000000001,328.60699999999997,306.269,310.241,3468000
2015-05-22,325.9132,335.556,348.462,328.60699999999997,329.6,2268400
2015-05-25,334.5915,344.491,350.44800000000015,337.045,338.534,1769700
2015-05-26,337.4839,347.469,351.93699999999984,339.527,349.95099999999996,856100
2015-05-27,351.4662,361.865,366.332,343.4980000000001,347.966,1274200
2015-05-28,365.4476,376.26,381.72,357.89300000000014,365.836,1399100
2015-05-29,374.1258,385.195,389.166,377.25199999999995,377.25199999999995,1113000
2015-06-01,363.5186,374.274,391.151,354.41900000000015,387.18,1182500
2015-06-02,351.94800000000015,362.361,384.202,357.397,374.274,996200
2015-06-03,336.5204,346.477,364.843,342.506,359.38300000000015,1293300
2015-06-04,334.5915,344.491,359.38300000000015,343.0019999999999,348.462,1166400
2015-06-05,357.7338,368.31800000000004,368.31800000000004,346.477,347.469,1295300
2015-06-08,347.5177,354.41900000000015,364.346,348.462,363.85,1096900
2015-06-09,333.403,340.024,361.865,335.556,354.41900000000015,917600
2015-06-10,345.084,351.93699999999984,356.404,347.469,347.469,742300
2015-06-11,345.084,351.93699999999984,360.87199999999996,351.93699999999984,353.92199999999997,566000
2015-06-12,345.5704,352.43300000000005,364.346,350.44800000000015,350.44800000000015,1055600
2015-06-15,335.8367,342.506,352.43300000000005,339.527,352.43300000000005,604300
2015-06-16,319.2873,325.628,344.98699999999997,314.70799999999997,342.506,1147200
2015-06-17,323.182,329.6,331.585,323.147,325.628,705000
2015-06-18,337.2966,343.995,347.469,337.045,337.542,1051600
2015-06-19,337.2966,343.995,343.995,343.995,343.995,0
2015-06-22,338.2693,344.98699999999997,352.43300000000005,343.995,351.93699999999984,530800
2015-06-23,332.4293,339.031,349.95099999999996,338.534,349.95099999999996,397800
2015-06-24,340.2167,346.973,349.455,339.031,339.031,426000
2015-06-25,367.9597,375.267,380.727,348.462,349.455,2582600
2015-06-26,361.14599999999996,368.31800000000004,388.173,366.332,382.216,1586400
2015-06-29,361.14599999999996,368.31800000000004,379.23800000000006,355.412,358.39,1078800
2015-06-30,358.7124,365.836,377.749,365.339,373.281,851100
2015-07-01,355.305,362.361,374.274,362.361,367.82099999999997,704000
2015-07-02,367.9597,375.267,379.23800000000006,360.87199999999996,366.82800000000003,1208700
2015-07-03,362.1187,369.31,389.662,369.31,385.195,1717400
2015-07-06,353.845,360.87199999999996,371.792,360.87199999999996,364.843,726200
2015-07-07,348.4913,355.412,372.289,355.412,363.35400000000004,1037500
2015-07-08,317.341,323.643,356.901,323.643,355.412,1924900
2015-07-09,330.48199999999997,337.045,340.024,296.83799999999997,313.715,1325500
2015-07-10,330.48199999999997,337.045,337.045,337.045,337.045,0
2015-07-13,331.94199999999995,338.534,347.469,337.542,343.4980000000001,701000
2015-07-14,356.2787,363.35400000000004,366.332,344.491,344.491,1784900
2015-07-15,352.385,359.38300000000015,375.76300000000003,358.39,369.80699999999996,1350700
2015-07-16,347.5177,354.41900000000015,368.814,353.426,362.85699999999997,649600
2015-07-17,350.4377,357.397,364.346,353.426,354.915,585200
2015-07-20,338.7567,345.48400000000015,363.35400000000004,343.0019999999999,361.36800000000005,660700
2015-07-21,329.022,335.556,350.944,329.6,347.469,865200
2015-07-22,318.3146,324.63599999999997,340.024,324.63599999999997,332.5780000000001,1035400
2015-07-23,310.5273,316.694,327.6140000000001,301.802,322.65,1672000
2015-07-24,303.7126,309.744,322.154,308.255,316.694,1177500
2015-07-27,304.6863,310.737,319.672,305.77299999999997,305.77299999999997,959900
2015-07-28,319.7746,326.125,326.125,310.241,315.70099999999996,1177500
2015-07-29,336.8093,343.4980000000001,345.48400000000015,321.657,328.60699999999997,1323500
2015-07-30,319.2873,325.628,348.959,323.147,343.4980000000001,1297300
2015-07-31,313.4473,319.672,328.11,316.197,325.628,625500
2015-08-03,318.3146,324.63599999999997,327.6140000000001,313.715,319.672,625500
2015-08-04,315.3936,321.657,334.5630000000001,319.672,327.118,681900
2015-08-05,313.4473,319.672,326.621,314.70799999999997,321.161,926700
2015-08-06,291.5452,297.335,322.154,296.342,320.168,1709300
2015-08-07,300.3053,306.269,306.269,269.041,286.91,2262300
2015-08-10,307.6063,313.715,319.672,300.313,300.313,1023400
2015-08-11,310.0399,316.197,322.154,316.197,318.6790000000001,802800
2015-08-12,300.7926,306.76599999999996,316.197,304.284,311.73,891400
2015-08-13,287.1642,292.867,311.233,279.465,304.284,2089100
2015-08-14,291.5452,297.335,304.78,289.889,289.889,1144200
2015-08-17,288.6242,294.356,299.816,288.89599999999996,299.816,648600
2015-08-18,286.1906,291.874,296.83799999999997,286.91,295.845,621400
2015-08-19,273.5359,278.968,292.867,271.026,290.385,1570300
2015-08-20,279.8632,285.421,292.867,275.494,275.494,972000
2015-08-21,253.5802,258.616,279.961,258.12,275.99,1440400
2015-08-24,228.2708,232.804,250.178,232.804,249.185,1885600
2015-08-25,239.4655,244.22099999999998,248.192,212.453,212.453,2643100
2015-08-26,244.3328,249.185,262.091,239.257,248.192,2320700
2015-08-27,253.5802,258.616,262.091,252.66,256.135,2190800
2015-08-28,257.9612,263.084,276.983,261.595,265.069,2171700
2015-08-31,264.7748,270.033,271.522,258.616,265.069,744300
2015-09-01,266.7222,272.019,278.472,266.559,268.048,922600
2015-09-02,271.1022,276.486,276.486,264.077,265.069,806800
2015-09-03,287.1642,292.867,296.83799999999997,282.939,282.939,1848300
2015-09-04,281.3232,286.91,302.795,280.954,293.86,1549200
2015-09-07,282.2969,287.903,292.867,283.932,283.932,468300
2015-09-08,280.3505,285.918,292.371,284.925,289.889,386700
2015-09-09,289.1115,294.853,301.802,292.371,292.371,978000
2015-09-10,293.0052,298.824,301.802,292.867,294.853,669800
2015-09-11,293.9779,299.816,309.248,299.816,299.816,759400
2015-09-14,294.4652,300.313,304.78,299.816,302.795,334400
2015-09-15,288.6242,294.356,302.795,294.356,300.313,337400
2015-09-16,290.0842,295.845,300.313,294.853,297.83099999999996,456200
2015-09-17,291.0579,296.83799999999997,302.795,295.845,297.83099999999996,527800
2015-09-18,301.7662,307.759,309.744,296.342,297.83099999999996,1215700
2015-09-21,296.8989,302.795,308.255,299.816,303.788,540900
2015-09-22,311.0136,317.19,321.657,303.291,304.78,1123100
2015-09-23,301.2789,307.262,321.161,306.269,313.219,917600
2015-09-24,300.7926,306.76599999999996,319.672,303.291,312.226,1077700
2015-09-25,298.8452,304.78,312.722,303.788,311.73,704000
2015-09-28,298.8452,304.78,304.78,304.78,304.78,0
2015-09-29,298.8452,304.78,304.78,304.78,304.78,0
2015-09-30,309.5536,315.70099999999996,315.70099999999996,299.32,300.809,767500
2015-10-01,308.0936,314.212,319.672,313.715,316.694,745300
2015-10-02,316.8546,323.147,324.63599999999997,315.204,318.183,1222800
2015-10-05,339.7303,346.477,354.41900000000015,334.06699999999995,340.52,2583600
2015-10-06,334.86300000000006,341.5130000000001,354.41900000000015,339.527,351.44,970000
2015-10-07,350.92400000000015,357.89300000000014,360.87199999999996,340.52,342.506,1444400
2015-10-08,338.7567,345.48400000000015,361.36800000000005,341.5130000000001,357.89300000000014,1375900
2015-10-09,338.7567,345.48400000000015,345.48400000000015,345.48400000000015,345.48400000000015,0
2015-10-12,337.783,344.491,360.87199999999996,343.4980000000001,350.944,1249000
2015-10-13,336.8093,343.4980000000001,352.43300000000005,336.5490000000001,350.44800000000015,914600
2015-10-14,338.7567,345.48400000000015,348.959,340.024,344.491,577100
2015-10-15,337.783,344.491,350.44800000000015,343.0019999999999,350.44800000000015,379700
2015-10-16,329.022,335.556,347.469,335.556,347.469,445200
2015-10-19,332.9157,339.527,341.5130000000001,335.556,340.52,214500
2015-10-20,341.6767,348.462,356.901,338.038,338.038,1155300
2015-10-21,336.8093,343.4980000000001,351.93699999999984,340.024,348.462,803800
2015-10-22,335.8367,342.506,346.477,341.5130000000001,345.48400000000015,302100
2015-10-23,332.9157,339.527,350.44800000000015,339.527,347.469,527800
2015-10-26,339.24300000000005,345.98,348.462,341.5130000000001,343.995,723200
2015-10-27,345.5704,352.43300000000005,355.908,342.506,345.98,1274200
2015-10-28,343.624,350.44800000000015,356.404,348.959,355.412,742300
2015-10-29,337.783,344.491,352.93,343.995,351.44,514700
2015-10-30,339.7303,346.477,349.95099999999996,338.038,344.491,341400
2015-11-02,345.5704,352.43300000000005,354.41900000000015,346.973,349.455,494500
2015-11-03,351.8977,358.88599999999997,380.231,354.41900000000015,354.41900000000015,3236400
2015-11-04,355.305,362.361,368.814,360.87199999999996,365.836,996200
2015-11-05,350.4377,357.397,365.836,354.41900000000015,365.339,931700
2015-11-06,341.6767,348.462,360.375,347.469,360.375,483400
2015-11-09,331.4556,338.038,354.41900000000015,338.038,349.95099999999996,687900
2015-11-10,334.86300000000006,341.5130000000001,346.477,337.542,337.542,585200
2015-11-11,320.26099999999997,326.621,343.4980000000001,326.621,343.4980000000001,793700
2015-11-12,319.7746,326.125,334.06699999999995,318.6790000000001,330.592,541900
2015-11-13,319.7746,326.125,333.074,322.65,326.125,349500
2015-11-16,319.2873,325.628,326.125,314.212,318.6790000000001,443200
2015-11-17,328.0483,334.5630000000001,337.542,331.585,332.08099999999996,519700
2015-11-18,326.5883,333.074,336.5490000000001,329.6,336.5490000000001,321300
2015-11-19,330.48199999999997,337.045,341.01599999999996,334.06699999999995,334.5630000000001,403900
2015-11-20,337.783,344.491,347.469,339.031,339.031,614400
2015-11-23,337.2966,343.995,345.48400000000015,341.01599999999996,344.491,166200
2015-11-24,332.4293,339.031,349.95099999999996,339.031,345.98,371600
2015-11-25,324.1546,330.592,340.024,325.628,339.031,374700
2015-11-26,324.6419,331.089,340.52,328.11,334.5630000000001,719200
2015-11-27,326.1020000000001,332.5780000000001,334.5630000000001,328.60699999999997,333.57099999999997,294100
2015-11-30,326.1020000000001,332.5780000000001,334.5630000000001,316.694,334.5630000000001,957900
2015-12-01,332.4293,339.031,339.527,330.592,332.5780000000001,574100
2015-12-02,338.2693,344.98699999999997,346.477,340.52,342.506,660700
2015-12-03,354.3314,361.36800000000005,362.85699999999997,345.48400000000015,345.48400000000015,1831200
2015-12-04,350.4377,357.397,366.332,357.397,363.35400000000004,1058600
2015-12-07,366.0124,373.281,377.25199999999995,358.88599999999997,359.38300000000015,1584400
2015-12-08,359.685,366.82800000000003,377.25199999999995,364.843,373.778,848100
2015-12-09,367.9597,375.267,394.13,369.80699999999996,370.30300000000005,2335800
2015-12-10,359.1987,366.332,378.74199999999996,361.36800000000005,370.30300000000005,1097900
2015-12-11,356.2787,363.35400000000004,375.76300000000003,361.865,370.30300000000005,852100
2015-12-14,359.1987,366.332,366.332,355.412,360.375,509600
2015-12-15,358.225,365.339,376.756,363.85,367.82099999999997,1190600
2015-12-16,345.5704,352.43300000000005,363.35400000000004,342.009,359.38300000000015,1544100
2015-12-17,361.14599999999996,368.31800000000004,368.814,355.412,356.404,687900
2015-12-18,352.385,359.38300000000015,382.216,359.38300000000015,368.31800000000004,1223800
2015-12-21,354.3314,361.36800000000005,362.85699999999997,355.412,358.39,325300
2015-12-22,355.305,362.361,369.31,362.361,366.332,375700
2015-12-23,351.8977,358.88599999999997,368.814,358.39,365.836,377700
2015-12-24,343.624,350.44800000000015,358.88599999999997,350.44800000000015,357.397,684900
2015-12-25,353.845,360.87199999999996,361.865,352.43300000000005,352.43300000000005,321300
2015-12-28,361.14599999999996,368.31800000000004,372.289,363.85,363.85,597300
2015-12-29,362.1187,369.31,375.76300000000003,367.82099999999997,371.296,612400
2015-12-30,362.1187,369.31,375.76300000000003,368.31800000000004,374.274,419000
2015-12-31,362.1187,369.31,371.296,363.85,371.296,332400
2016-01-01,362.1187,369.31,369.31,369.31,369.31,0
2016-01-04,345.5704,352.43300000000005,371.296,350.44800000000015,369.31,621400
2016-01-05,348.9777,355.908,362.361,351.44,360.375,792700
2016-01-06,337.783,344.491,357.89300000000014,334.06699999999995,354.915,760400
2016-01-07,321.7209,328.11,345.98,324.63599999999997,344.491,803800
2016-01-08,331.94199999999995,338.534,339.527,326.125,326.125,615400
2016-01-11,324.1546,330.592,335.556,325.132,335.556,407900
2016-01-12,328.0483,334.5630000000001,337.542,330.592,333.57099999999997,438100
2016-01-13,334.86300000000006,341.5130000000001,342.506,336.5490000000001,342.506,359600
2016-01-14,326.1020000000001,332.5780000000001,337.045,331.089,335.556,326300
2016-01-15,322.6946,329.103,339.527,329.103,336.5490000000001,358500
2016-01-18,326.5883,333.074,334.5630000000001,313.715,320.665,594200
2016-01-19,332.9157,339.527,344.491,327.6140000000001,327.6140000000001,785600
2016-01-20,322.2083,328.60699999999997,347.966,328.60699999999997,336.5490000000001,747400
2016-01-21,303.2262,309.248,333.57099999999997,307.262,332.5780000000001,1616600
2016-01-22,314.4209,320.665,321.161,305.277,314.70799999999997,1352700
2016-01-25,329.022,335.556,344.491,331.585,342.506,1292300
2016-01-26,336.8093,343.4980000000001,347.469,333.57099999999997,334.5630000000001,1095900
2016-01-27,335.3493,342.009,355.412,340.52,347.469,1176500
2016-01-28,337.2966,343.995,346.477,339.527,344.491,333400
2016-01-29,343.624,350.44800000000015,350.44800000000015,343.4980000000001,347.469,673800
2016-02-01,340.7030000000001,347.469,351.93699999999984,345.48400000000015,347.469,410900
2016-02-02,345.5704,352.43300000000005,357.397,348.959,349.455,576100
2016-02-03,343.624,350.44800000000015,353.426,348.462,352.43300000000005,392800
2016-02-04,343.624,350.44800000000015,350.44800000000015,350.44800000000015,350.44800000000015,0
2016-02-08,343.624,350.44800000000015,350.44800000000015,350.44800000000015,350.44800000000015,0
2016-02-09,343.624,350.44800000000015,350.44800000000015,350.44800000000015,350.44800000000015,0
2016-02-10,343.624,350.44800000000015,350.44800000000015,350.44800000000015,350.44800000000015,0
2016-02-11,343.624,350.44800000000015,350.44800000000015,350.44800000000015,350.44800000000015,0
2016-02-12,343.624,350.44800000000015,350.44800000000015,350.44800000000015,350.44800000000015,0
2016-02-15,341.1903,347.966,351.93699999999984,343.0019999999999,351.93699999999984,433100
2016-02-16,339.24300000000005,345.98,352.43300000000005,345.98,352.43300000000005,643600
2016-02-17,350.4377,357.397,360.375,345.48400000000015,345.48400000000015,785600
2016-02-18,373.8007,381.224,385.195,360.375,360.375,1843300
2016-02-19,369.9061,377.25199999999995,388.66900000000004,373.281,381.224,1190600
2016-02-22,372.3397,379.73400000000004,386.18699999999995,374.274,377.25199999999995,627500
2016-02-23,384.9944,392.64,401.079,380.231,383.209,1621700
2016-02-24,358.225,365.339,389.662,365.339,389.166,1917800
2016-02-25,356.765,363.85,373.778,363.85,366.82800000000003,870200
2016-02-26,355.7914,362.85699999999997,369.80699999999996,353.426,369.31,677900
2016-02-29,355.7914,362.85699999999997,362.85699999999997,362.85699999999997,362.85699999999997,0
2016-03-01,360.1724,367.325,369.80699999999996,359.879,363.85,482400
2016-03-02,356.765,363.85,373.778,361.865,371.792,694000
2016-03-03,353.3577,360.375,366.332,357.89300000000014,365.836,366600
2016-03-04,351.8977,358.88599999999997,363.35400000000004,355.908,361.36800000000005,453200
2016-03-07,352.385,359.38300000000015,365.339,358.88599999999997,360.87199999999996,318300
2016-03-08,359.685,366.82800000000003,366.82800000000003,355.908,361.36800000000005,406900
2016-03-09,355.7914,362.85699999999997,369.80699999999996,360.375,367.325,581200
2016-03-10,354.3314,361.36800000000005,363.35400000000004,358.88599999999997,362.85699999999997,380700
2016-03-11,358.225,365.339,366.82800000000003,360.375,365.339,331300
2016-03-14,369.9061,377.25199999999995,378.245,368.31800000000004,369.31,1002200
2016-03-15,368.9334,376.26,384.202,373.778,380.231,821900
2016-03-16,366.0124,373.281,379.73400000000004,373.281,378.74199999999996,741300
2016-03-17,368.9334,376.26,380.231,374.274,375.267,629500
2016-03-18,369.9061,377.25199999999995,379.23800000000006,375.267,376.26,660700
2016-03-21,373.8007,381.224,384.202,375.76300000000003,380.727,513700
2016-03-22,370.8797,378.245,382.216,376.26,380.231,332400
2016-03-23,363.5787,370.79900000000004,379.73400000000004,368.31800000000004,379.73400000000004,458300
2016-03-24,358.7124,365.836,370.79900000000004,363.35400000000004,368.31800000000004,277000
2016-03-25,360.1724,367.325,370.30300000000005,363.35400000000004,363.35400000000004,95600
2016-03-28,362.606,369.80699999999996,369.80699999999996,364.346,369.31,237700
2016-03-29,360.1724,367.325,370.30300000000005,365.339,369.80699999999996,313200
2016-03-30,376.7207,384.202,386.18699999999995,369.80699999999996,370.79900000000004,804800
2016-03-31,376.7207,384.202,386.18699999999995,375.267,385.195,468300
2016-04-01,381.5881,389.166,394.626,381.224,384.202,918600
2016-04-04,381.5881,389.166,389.166,389.166,389.166,0
2016-04-05,381.5881,389.166,389.166,389.166,389.166,0
2016-04-06,419.5521,427.884,427.884,387.18,388.173,2437600
2016-04-07,401.5428,409.517,431.358,408.525,427.884,958900
2016-04-08,399.1101,407.036,414.481,400.583,412.496,664800
2016-04-11,399.1101,407.036,422.92,407.036,409.02099999999996,826900
2016-04-12,410.7911,418.949,441.286,413.985,416.467,1704300
2016-04-13,444.8615,453.69599999999997,460.149,418.949,428.876,2264300
2016-04-14,431.2332,439.79699999999997,462.631,437.811,458.66,1048500
2016-04-15,425.3922,433.84,439.79699999999997,431.855,439.79699999999997,657700
2016-04-18,426.3658,434.833,445.754,428.876,436.819,954900
2016-04-19,430.2595,438.80400000000003,444.76099999999997,425.898,441.286,765500
2016-04-20,419.5521,427.884,447.73900000000003,426.89099999999996,442.775,1145200
2016-04-21,421.9858,430.366,434.833,423.913,433.84,430100
2016-04-22,411.2775,419.445,430.366,413.985,430.366,363600
2016-04-25,413.7111,421.92699999999996,429.37300000000016,411.50300000000004,420.43800000000016,543900
2016-04-26,414.1975,422.423,423.913,415.97,420.43800000000016,256800
2016-04-27,407.3838,415.474,426.395,415.474,426.395,363600
2016-04-28,405.4375,413.48900000000003,418.452,411.00699999999995,415.474,316200
2016-04-29,401.0564,409.02099999999996,412.99199999999996,407.532,408.028,218500
2016-05-02,401.0564,409.02099999999996,409.02099999999996,409.02099999999996,409.02099999999996,0
2016-05-03,408.8438,416.963,421.92699999999996,409.02099999999996,409.517,282000
2016-05-04,403.0038,411.00699999999995,420.934,411.00699999999995,413.985,317200
2016-05-05,422.4722,430.86199999999997,440.79,415.97,415.97,1385000
2016-05-06,434.1532,442.775,449.228,424.409,429.869,1099900
2016-05-09,413.2248,421.431,445.754,417.95599999999996,445.754,400800
2016-05-10,400.0828,408.028,419.94199999999995,403.064,414.481,580100
2016-05-11,404.9501,412.99199999999996,419.445,411.50300000000004,415.97,264900
2016-05-12,401.0564,409.02099999999996,429.37300000000016,407.532,411.00699999999995,930700
2016-05-13,401.0564,409.02099999999996,413.985,401.079,413.985,490500
2016-05-16,392.2954,400.086,406.539,396.115,405.546,324300
2016-05-17,382.0744,389.662,402.56800000000004,378.245,399.093,878300
2016-05-18,390.3491,398.101,406.043,385.195,387.18,474400
2016-05-19,400.5701,408.525,411.00699999999995,400.086,401.079,428000
2016-05-20,403.0038,411.00699999999995,413.985,406.043,409.02099999999996,326300
2016-05-23,426.3658,434.833,438.30800000000005,411.50300000000004,411.999,954900
2016-05-24,418.5785,426.89099999999996,444.264,423.913,433.344,480400
2016-05-25,418.0921,426.395,437.315,426.395,434.833,394800
2016-05-26,428.7995,437.315,448.73199999999997,427.884,430.86199999999997,854100
2016-05-27,425.8795,434.337,443.272,432.848,441.286,321300
2016-05-30,428.3132,436.819,444.264,435.82599999999996,439.301,348500
2016-05-31,432.2068,440.79,442.775,436.819,439.79699999999997,189300
2016-06-01,424.9058,433.344,442.775,432.351,440.79,456200
2016-06-02,429.7732,438.30800000000005,440.79,430.86199999999997,433.84,387800
2016-06-03,439.0205,447.73900000000003,449.228,434.337,434.337,747400
2016-06-06,455.0825,464.12,473.551,448.73199999999997,449.725,986100
2016-06-07,452.6489,461.63800000000003,471.566,459.652,465.60900000000004,436100
2016-06-08,457.5162,466.602,469.58,462.134,463.62300000000016,327300
2016-06-09,457.5162,466.602,466.602,466.602,466.602,0
2016-06-10,457.5162,466.602,466.602,466.602,466.602,0
2016-06-13,438.5342,447.24300000000005,460.645,444.76099999999997,459.652,423000
2016-06-14,437.0742,445.754,454.19199999999995,445.754,447.24300000000005,306200
2016-06-15,430.7468,439.301,451.214,437.315,447.24300000000005,373700
2016-06-16,432.2068,440.79,443.272,430.86199999999997,442.775,450200
2016-06-17,444.3742,453.199,458.163,443.272,444.76099999999997,640600
2016-06-20,438.0,438.0,438.0,438.0,438.0,2000
2016-06-21,437.5,437.5,437.5,437.5,437.5,1000
2016-06-22,438.0,438.0,438.0,438.0,438.0,0
2016-06-23,433.0,433.0,433.0,433.0,433.0,1000
2016-06-24,429.5,429.5,429.5,429.5,429.5,0
2016-06-27,417.0,417.0,417.0,417.0,417.0,1000
2016-06-28,407.5,407.5,407.5,407.5,407.5,2000
2016-06-29,422.0,422.0,422.0,422.0,422.0,3000
2016-06-30,430.0,430.0,430.0,430.0,430.0,2000
2016-07-01,435.5,435.5,435.5,435.5,435.5,0
2016-07-04,438.0,438.0,438.0,438.0,438.0,0
2016-07-05,444.0,444.0,444.0,444.0,444.0,3000
2016-07-06,437.5,437.5,437.5,437.5,437.5,1000
2016-07-07,436.5,436.5,436.5,436.5,436.5,1000
2016-07-11,445.5,445.5,445.5,445.5,445.5,1000
2016-07-12,462.0,462.0,462.0,462.0,462.0,1000
2016-07-13,455.0,455.0,455.0,455.0,455.0,1000
2016-07-14,457.0,457.0,457.0,457.0,457.0,1000
2016-07-15,457.5,457.5,457.5,457.5,457.5,1000
2016-07-18,453.0,453.0,460.0,451.5,460.0,235000
2016-07-19,464.0,464.0,465.0,455.0,459.0,422000
2016-07-20,466.5,466.5,478.0,464.0,469.0,745000
2016-07-21,464.5,464.5,470.5,458.0,458.5,753000
2016-07-22,477.0,477.0,478.0,466.0,466.0,597000
2016-07-25,466.5,466.5,484.0,466.5,482.0,348000
2016-07-26,471.0,471.0,471.0,462.0,467.5,368000
2016-07-27,489.0,489.0,499.0,471.5,473.5,1185000
2016-07-28,484.5,484.5,488.5,481.5,488.5,525000
2016-07-29,478.0,478.0,484.0,476.0,484.0,306000
2016-08-01,493.0,493.0,498.0,476.5,478.0,527000
2016-08-02,487.0,487.0,492.5,484.0,492.0,317000
2016-08-03,486.0,486.0,497.0,482.5,488.5,334000
2016-08-04,479.0,479.0,487.0,477.0,483.0,381000
2016-08-05,482.0,482.0,486.0,479.5,479.5,194000
2016-08-08,479.0,479.0,497.5,479.0,486.0,592000
2016-08-09,473.0,473.0,486.0,473.0,479.0,307000
2016-08-10,474.5,474.5,481.0,472.0,478.0,330000
2016-08-11,475.5,475.5,484.0,472.5,479.0,329000
2016-08-12,480.5,480.5,483.0,477.0,480.0,136000
2016-08-15,480.5,480.5,486.5,478.5,483.5,220000
2016-08-16,473.0,473.0,486.0,473.0,482.0,249000
2016-08-17,463.5,463.5,477.0,462.0,475.0,403000
2016-08-18,462.0,462.0,467.0,460.0,465.5,200000
2016-08-19,457.0,457.0,467.5,456.5,465.0,320000
2016-08-22,450.0,450.0,461.0,449.0,461.0,398000
2016-08-23,452.5,452.5,457.0,448.5,456.0,270000
2016-08-24,470.0,470.0,473.0,455.5,456.0,659000
2016-08-25,487.5,487.5,495.0,474.5,475.5,1336000
2016-08-26,502.0,502.0,505.0,485.5,494.0,1035000
2016-08-29,507.0,507.0,507.0,493.0,499.0,518000
2016-08-30,516.0,516.0,520.0,501.0,504.0,622000
2016-08-31,521.0,521.0,528.0,511.0,519.0,740000
2016-09-01,500.0,500.0,527.0,498.5,526.0,793000
2016-09-02,503.0,503.0,508.0,498.5,499.0,528000
2016-09-05,504.0,504.0,510.0,501.0,510.0,286000
2016-09-06,512.0,512.0,515.0,501.0,501.0,437000
2016-09-07,509.0,509.0,516.0,507.0,508.0,231000
2016-09-08,522.0,522.0,523.0,509.0,511.0,369000
2016-09-09,515.0,515.0,521.0,511.0,519.0,329000
2016-09-12,500.0,500.0,505.0,498.0,505.0,203000
2016-09-13,507.0,507.0,515.0,504.0,507.0,476000
2016-09-14,510.0,510.0,525.0,504.0,506.0,459000
2016-09-15,510.0,510.0,510.0,510.0,510.0,0
2016-09-16,510.0,510.0,510.0,510.0,510.0,0
2016-09-19,524.0,524.0,538.0,522.0,523.0,545000
2016-09-20,539.0,539.0,543.0,523.0,527.0,573000
2016-09-21,541.0,541.0,542.0,534.0,538.0,311000
2016-09-22,538.0,538.0,546.0,536.0,542.0,291000
2016-09-23,531.0,531.0,539.0,530.0,536.0,269000
2016-09-26,518.0,518.0,525.0,517.0,525.0,256000
2016-09-27,518.0,518.0,518.0,518.0,518.0,0
2016-09-28,518.0,518.0,518.0,518.0,518.0,0
2016-09-29,522.0,522.0,525.0,516.0,524.0,315000
2016-09-30,519.0,519.0,524.0,509.0,521.0,476000
2016-10-03,516.0,516.0,528.0,513.0,523.0,265000
2016-10-04,511.0,511.0,513.0,505.0,513.0,293000
2016-10-05,513.0,513.0,534.0,513.0,521.0,778000
2016-10-06,524.0,524.0,524.0,511.0,513.0,382000
2016-10-07,531.0,531.0,534.0,518.0,521.0,552000
2016-10-10,531.0,531.0,531.0,531.0,531.0,0
2016-10-11,526.0,526.0,540.0,525.0,536.0,705000
2016-10-12,526.0,526.0,526.0,526.0,526.0,0
2016-10-13,525.0,525.0,542.0,521.0,521.0,1343000
2016-10-14,497.0,497.0,529.0,495.5,525.0,1188000
2016-10-17,494.0,494.0,499.0,484.0,498.5,719000
2016-10-18,505.0,505.0,510.0,494.5,496.5,805000
2016-10-19,510.0,510.0,513.0,501.0,504.0,668000
2016-10-20,519.0,519.0,523.0,511.0,514.0,486000
2016-10-21,514.0,514.0,519.0,509.0,513.0,536000
2016-10-24,500.0,500.0,515.0,500.0,514.0,483000
2016-10-25,505.0,505.0,510.0,498.0,507.0,730000
2016-10-26,503.0,503.0,508.0,501.0,501.0,247000
2016-10-27,501.0,501.0,507.0,499.0,506.0,281000
2016-10-28,497.5,497.5,502.0,495.5,499.0,336000
2016-10-31,501.0,501.0,505.0,495.0,504.0,404000
2016-11-01,486.5,486.5,499.0,485.5,499.0,454000
2016-11-02,446.0,446.0,476.5,446.0,476.0,1467000
2016-11-03,425.0,425.0,448.0,414.0,439.0,2077000
2016-11-04,440.0,440.0,442.0,419.5,422.0,1008000
2016-11-07,465.0,465.0,470.5,447.0,450.0,1094000
2016-11-08,460.0,460.0,463.0,452.0,458.5,520000
2016-11-09,434.0,434.0,462.5,430.0,461.5,751000
2016-11-10,477.0,477.0,477.0,450.0,451.0,972000
2016-11-11,429.5,429.5,469.5,429.5,467.5,1469000
2016-11-14,401.0,401.0,425.0,395.0,418.0,1348000
2016-11-15,399.5,399.5,420.0,390.0,400.0,1955000
2016-11-16,396.0,396.0,410.0,390.5,408.0,1036000
2016-11-17,413.5,413.5,413.5,396.5,396.5,1146000
2016-11-18,412.5,412.5,419.5,408.0,415.0,636000
2016-11-21,419.0,419.0,431.0,414.5,416.0,1094000
2016-11-22,426.5,426.5,432.0,420.0,424.0,650000
2016-11-23,425.0,425.0,429.0,421.5,429.0,294000
2016-11-24,424.0,424.0,427.5,423.0,425.0,222000
2016-11-25,425.0,425.0,430.0,422.5,424.0,266000
2016-11-28,432.0,432.0,432.0,425.5,425.5,309000
2016-11-29,451.0,451.0,452.0,435.0,436.5,766000
2016-11-30,450.0,450.0,459.0,445.5,453.5,500000
2016-12-01,447.5,447.5,450.0,445.0,450.0,234000
2016-12-02,439.0,439.0,444.0,436.0,442.5,303000
2016-12-05,436.0,436.0,439.0,431.0,435.0,204000
2016-12-06,436.0,436.0,445.0,435.0,443.0,270000
2016-12-07,439.0,439.0,453.0,439.0,441.5,541000
2016-12-08,450.0,450.0,453.0,444.0,450.0,668000
2016-12-09,442.5,442.5,449.0,442.0,449.0,294000
2016-12-12,427.5,427.5,446.5,426.0,446.0,485000
2016-12-13,429.5,429.5,434.0,425.0,425.0,221000
2016-12-14,435.0,435.0,438.0,431.5,437.0,247000
2016-12-15,440.0,440.0,440.0,432.0,434.0,152000
2016-12-16,436.0,436.0,445.0,435.5,445.0,175000
2016-12-19,428.0,428.0,436.0,426.5,436.0,178000
2016-12-20,424.0,424.0,428.5,423.0,428.5,177000
2016-12-21,420.5,420.5,426.0,419.0,424.0,170000
2016-12-22,410.5,410.5,422.0,410.0,422.0,306000
2016-12-23,407.0,407.0,416.0,405.0,410.0,487000
2016-12-26,416.0,416.0,418.0,403.0,408.5,299000
2016-12-27,412.0,412.0,419.0,411.5,418.0,147000
2016-12-28,417.5,417.5,422.5,413.5,413.5,225000
2016-12-29,419.0,419.0,421.5,417.0,417.5,125000
2016-12-30,412.0,412.0,422.5,412.0,419.5,347000
2017-01-02,412.0,412.0,412.0,412.0,412.0,0
2017-01-03,426.5,426.5,426.5,409.0,414.0,516000
2017-01-04,420.0,420.0,426.0,420.0,424.5,281000
2017-01-05,423.5,423.5,434.0,423.5,430.0,1094000
2017-01-06,420.0,420.0,426.5,418.0,423.0,622000
2017-01-09,428.0,428.0,432.0,425.0,425.0,1031000
2017-01-10,435.0,435.0,440.5,425.0,429.0,790000
2017-01-11,441.0,441.0,446.0,435.0,439.0,634000
2017-01-12,442.0,442.0,444.0,436.0,440.0,399000
2017-01-13,433.0,433.0,441.0,432.0,441.0,436000
2017-01-16,429.0,429.0,435.0,428.5,433.0,312000
2017-01-17,456.5,456.5,467.5,432.0,435.0,1473000
2017-01-18,451.0,451.0,463.0,451.0,459.0,713000
2017-01-19,451.0,451.0,458.0,451.0,454.0,359000
2017-01-20,452.0,452.0,457.0,450.0,455.0,236000
2017-01-23,450.5,450.5,459.0,450.0,456.0,587000
2017-01-24,448.0,448.0,455.0,445.5,448.5,374000
2017-01-25,448.0,448.0,448.0,448.0,448.0,0
2017-01-26,448.0,448.0,448.0,448.0,448.0,0
2017-01-27,448.0,448.0,448.0,448.0,448.0,0
2017-01-30,448.0,448.0,448.0,448.0,448.0,0
2017-01-31,448.0,448.0,448.0,448.0,448.0,0
2017-02-01,448.0,448.0,448.0,448.0,448.0,0
2017-02-02,460.0,460.0,462.0,450.5,452.0,468000
2017-02-03,481.0,481.0,493.5,467.0,467.5,1266000
2017-02-06,487.5,487.5,495.0,477.0,488.0,918000
2017-02-07,492.0,492.0,495.0,485.0,489.0,667000
2017-02-08,500.0,500.0,507.0,496.0,496.5,1093000
2017-02-09,500.0,500.0,503.0,498.5,503.0,393000
2017-02-10,499.5,499.5,503.0,495.0,503.0,494000
2017-02-13,497.0,497.0,500.0,493.5,500.0,409000
2017-02-14,495.00,495.00,500.00,494.00,500.00,299000
